macro_topic,macro_topic_name,corporate_topic_id,subgroup_corporate,final_merge_group_id_corporate,topic_label_refined_corporate,corporate_unique_document_count,external_topic_id,source_noncorporate,subgroup_noncorporate,final_merge_group_id_noncorporate,topic_label_refined_noncorporate,overall_summary_noncorporate,external_unique_document_count,best_cosine_similarity,best_pair_id,direct_pair_count
T1,Clean energy transition,corporate_T1::corporate_T1_PG04,corporate_T1,corporate_T1_PG04,Evolution of Demand Drivers in Energy Transition,63,academic_T1::academic_T1_PG01,academic,academic_T1,academic_T1_PG01,Evolution of Electrochemical Energy Storage Materials,"The micro-topic evolved from early explorations of fuel cells and hydrogen systems to a deep focus on advanced battery and supercapacitor material science, heavily emphasizing sustainable, ion-based, and nanostructured components.",6632,0.6410759687423706,academic__corporate__T1__academic_0__corporate_3,1
T1,Clean energy transition,corporate_T1::corporate_T1_PG04,corporate_T1,corporate_T1_PG04,Evolution of Demand Drivers in Energy Transition,63,academic_T1::academic_T1_PG04,academic,academic_T1,academic_T1_PG04,Evolution of Participatory Stakeholder Engagement in Energy Transitions,"The micro-topic tracks the evolution of participatory engagement, moving from early community readiness and local governance concerns to highly technical, systemic, and discourse-driven analyses of the Energiewende and decentralized energy systems.",3525,0.6390330791473389,academic__corporate__T1__academic_5__corporate_3,2
T1,Clean energy transition,corporate_T1::corporate_T1_PG04,corporate_T1,corporate_T1_PG04,Evolution of Demand Drivers in Energy Transition,63,academic_T1::academic_T1_PG03,academic,academic_T1,academic_T1_PG03,V2G and EV Integration Evolution,"The micro-topic traces the evolution of EV integration, starting from early energy conversion concepts, moving through specific vehicle types (PHEV/PEV), and culminating in a strong focus on Vehicle-to-Grid (V2G) bidirectional energy exchange, infrastructure planning, and renewable energy integration.",1735,0.5927625894546509,academic__corporate__T1__academic_2__corporate_3,0
T1,Clean energy transition,corporate_T1::corporate_T1_PG04,corporate_T1,corporate_T1_PG04,Evolution of Demand Drivers in Energy Transition,63,academic_T1::academic_T1_PG05,academic,academic_T1,academic_T1_PG05,PV-based Microgrid Development and Optimization,"The micro-topic evolved from early considerations of island energy dependency to a highly technical focus on optimizing and implementing PV-based hybrid microgrids for rural and industrial electrification, culminating in advanced system monitoring.",953,0.6125353574752808,academic__corporate__T1__academic_6__corporate_3,1
T1,Clean energy transition,corporate_T1::corporate_T1_PG04,corporate_T1,corporate_T1_PG04,Evolution of Demand Drivers in Energy Transition,63,academic_T1::academic_T1_S004,academic,academic_T1,academic_T1_S004,Biomass Energy Conversion Pathways and Sustainability Assessment,"The micro-topic tracks the evolution of biomass energy research, moving from early thermal integration concepts to broad assessments of feedstock potential, culminating in a focus on integrated biorefinery and gasification pathways across diverse global contexts.",908,0.6487650871276855,academic__corporate__T1__academic_3__corporate_3,3
T1,Clean energy transition,corporate_T1::corporate_T1_PG04,corporate_T1,corporate_T1_PG04,Evolution of Demand Drivers in Energy Transition,63,academic_T1::academic_T1_PG06,academic,academic_T1,academic_T1_PG06,Renewable Energy Pathways and System Integration for Decarbonization,"The micro-topic traces the evolution of research from broad policy discussions on sustainable energy pathways to highly technical modeling of integrated thermal and energy systems, with a strong emphasis on geothermal and waste heat recovery.",785,0.6395883560180664,academic__corporate__T1__academic_10__corporate_3,1
T1,Clean energy transition,corporate_T1::corporate_T1_PG04,corporate_T1,corporate_T1_PG04,Evolution of Demand Drivers in Energy Transition,63,academic_T1::academic_T1_S005,academic,academic_T1,academic_T1_S005,Evolution of Electrification Strategies in Africa towards SDG Goals,"The micro-topic tracks the evolution of electrification efforts across Africa, shifting from early institutional/methodological concerns to a strong focus on decentralized, sustainable, and policy-driven solutions, particularly within the Nigerian context, with an increasing emphasis on achieving SDG targets by 2030.",783,0.639420747756958,academic__corporate__T1__academic_4__corporate_3,1
T1,Clean energy transition,corporate_T1::corporate_T1_PG04,corporate_T1,corporate_T1_PG04,Evolution of Demand Drivers in Energy Transition,63,academic_T1::academic_T1_PG07,academic,academic_T1,academic_T1_PG07,Piezoelectric Energy Harvesting Evolution,"The micro-topic tracks the evolution of piezoelectric energy harvesting, starting from broad MEMS/thermoelectric concepts, transitioning through ambient energy scavenging and mechanical vibration harvesting, and culminating in highly specialized applications like footstep and flexible nanogenerators.",671,0.5501924753189087,academic__corporate__T1__academic_13__corporate_3,0
T1,Clean energy transition,corporate_T1::corporate_T1_PG04,corporate_T1,corporate_T1_PG04,Evolution of Demand Drivers in Energy Transition,63,academic_T1::academic_T1_PG08,academic,academic_T1,academic_T1_PG08,China's Low-Carbon Energy Transition and Regional Focus,"The micro-topic generally tracks the evolution of China's energy transition towards low-carbon goals, shifting focus from broad national policy and renewable integration challenges to specific regional case studies and technical modeling.",465,0.6547949314117432,academic__corporate__T1__academic_15__corporate_3,1
T1,Clean energy transition,corporate_T1::corporate_T1_PG04,corporate_T1,corporate_T1_PG04,Evolution of Demand Drivers in Energy Transition,63,academic_T1::academic_T1_S008,academic,academic_T1,academic_T1_S008,MCDM Application in Energy Assessment,"The micro-topic tracks the evolution of applying combined MCDM techniques, primarily TOPSIS and AHP, to evaluate and prioritize various renewable energy sources and system designs across different geographical and technological contexts.",455,0.6295667290687561,academic__corporate__T1__academic_7__corporate_3,2
T1,Clean energy transition,corporate_T1::corporate_T1_PG04,corporate_T1,corporate_T1_PG04,Evolution of Demand Drivers in Energy Transition,63,academic_T1::academic_T1_S009,academic,academic_T1,academic_T1_S009,Cointegration and Econometric Analysis of Energy-Economy Nexus,"The micro-topic consistently applies advanced econometric techniques, particularly cointegration and autoregressive models, to study the long-term causal relationships between economic indicators (like GDP) and energy/environmental variables across various international economic groupings, with a strong presence of OECD contexts.",381,0.6281866431236267,academic__corporate__T1__academic_8__corporate_3,1
T1,Clean energy transition,corporate_T1::corporate_T1_PG04,corporate_T1,corporate_T1_PG04,Evolution of Demand Drivers in Energy Transition,63,academic_T1::academic_T1_PG09,academic,academic_T1,academic_T1_PG09,Agrivoltaics Technology Evolution,"The micro-topic traces the evolution of agrivoltaics from early concepts in closed ecological systems to highly technical, integrated systems focusing on land and energy optimization.",304,0.629370927810669,academic__corporate__T1__academic_18__corporate_3,1
T1,Clean energy transition,corporate_T1::corporate_T1_PG04,corporate_T1,corporate_T1_PG04,Evolution of Demand Drivers in Energy Transition,63,academic_T1::academic_T1_S017,academic,academic_T1,academic_T1_S017,Renewable Energy Integration in Desalination,"The micro-topic tracks the evolution of desalination research, heavily focused on integrating various renewable energy sources, primarily solar (PV, thermal), with desalination processes to improve sustainability and economic viability across different geographical contexts.",274,0.6148699522018433,academic__corporate__T1__academic_11__corporate_3,1
T1,Clean energy transition,corporate_T1::corporate_T1_PG04,corporate_T1,corporate_T1_PG04,Evolution of Demand Drivers in Energy Transition,63,academic_T1::academic_T1_S019,academic,academic_T1,academic_T1_S019,Evolution of Bioenergy and Energy Transition in Ukraine,"The micro-topic tracks the evolution of energy discussions related to Ukraine, moving from early, broad assessments of Russian energy systems to a highly focused, technical, and geopolitical analysis of Ukraine's renewable energy transition, with a strong emphasis on bioenergy and grid modernization.",237,0.6652097702026367,academic__corporate__T1__academic_12__corporate_3,3
T1,Clean energy transition,corporate_T1::corporate_T1_PG04,corporate_T1,corporate_T1_PG04,Evolution of Demand Drivers in Energy Transition,63,academic_T1::academic_T1_PG10,academic,academic_T1,academic_T1_PG10,Oceanographic Waves and Marine Energy Technology,"The micro-topic tracks the evolution of research interest in harnessing ocean waves and marine environments for energy generation, transitioning from broad strategic views to highly technical engineering and deployment challenges, with a strong late-stage convergence toward offshore wind infrastructure.",197,0.5860409736633301,academic__corporate__T1__academic_21__corporate_3,0
T1,Clean energy transition,corporate_T1::corporate_T1_PG04,corporate_T1,corporate_T1_PG04,Evolution of Demand Drivers in Energy Transition,63,academic_T1::academic_T1_S031,academic,academic_T1,academic_T1_S031,Geothermal Resource Assessment and Application in Subsurface Systems,The micro-topic evolved from early pilot studies on soil remediation to a highly focused investigation of advanced geostructures and large-scale resource potential across various geographical contexts.,178,0.633722186088562,academic__corporate__T1__academic_16__corporate_3,1
T1,Clean energy transition,corporate_T1::corporate_T1_PG04,corporate_T1,corporate_T1_PG04,Evolution of Demand Drivers in Energy Transition,63,academic_T1::academic_T1_S034,academic,academic_T1,academic_T1_S034,Interdisciplinary STEM Education in Energy Systems,"The micro-topic traces the evolution of integrating interdisciplinary, project-based learning into engineering education, specifically focusing on renewable energy and sustainability. The trajectory moves from early conceptual explorations to formalized curriculum development, culminating in a strong focus on measurable competencies and global sustainability goals.",170,0.6005434989929199,academic__corporate__T1__academic_17__corporate_3,1
T1,Clean energy transition,corporate_T1::corporate_T1_PG04,corporate_T1,corporate_T1_PG04,Evolution of Demand Drivers in Energy Transition,63,academic_T1::academic_T1_S038,academic,academic_T1,academic_T1_S038,Sustainable Propulsion Transition in Aerospace and UAVs,"The micro-topic tracks the evolution of sustainable propulsion technologies, moving from early fuel cell feasibility studies to a mature focus on hybrid/electric integration, decarbonization strategies, and infrastructure challenges across both large aircraft and UAVs.",166,0.6536351442337036,academic__corporate__T1__academic_19__corporate_3,1
T1,Clean energy transition,corporate_T1::corporate_T1_PG04,corporate_T1,corporate_T1_PG04,Evolution of Demand Drivers in Energy Transition,63,academic_T1::academic_T1_S041,academic,academic_T1,academic_T1_S041,Inductive/Electromagnetic WPT for EVs,"The research trajectory moved from initial feasibility demonstrations for e-bikes to highly technical optimization of dynamic, sustainable, and integrated wireless charging systems for various EV applications.",160,0.5747017860412598,academic__corporate__T1__academic_20__corporate_3,0
T1,Clean energy transition,corporate_T1::corporate_T1_PG04,corporate_T1,corporate_T1_PG04,Evolution of Demand Drivers in Energy Transition,63,academic_T1::academic_T1_S058,academic,academic_T1,academic_T1_S058,Fusion and Advanced Reactor Trajectories,"The micro-topic tracks the evolution from early energy mix considerations to a strong focus on advanced fission and fusion technologies, culminating in a sustained emphasis on ITER and tokamak development as the primary pathway for future energy security.",119,0.6656761765480042,academic__corporate__T1__academic_23__corporate_3,1
T1,Clean energy transition,corporate_T1::corporate_T1_PG04,corporate_T1,corporate_T1_PG04,Evolution of Demand Drivers in Energy Transition,63,academic_T1::academic_T1_S063,academic,academic_T1,academic_T1_S063,Turbine Aerodynamics and Design Evolution (HAWT/VAWT),"The micro-topic tracks the evolution of turbine design, heavily focusing on aerodynamic optimization, transitioning from general CFD application to specific focus on VAWTs, and culminating in integrated urban deployment strategies.",116,0.5060432553291321,academic__corporate__T1__academic_25__corporate_3,0
T1,Clean energy transition,corporate_T1::corporate_T1_PG04,corporate_T1,corporate_T1_PG04,Evolution of Demand Drivers in Energy Transition,63,academic_T1::academic_T1_S072,academic,academic_T1,academic_T1_S072,EU Energy Transition Monitoring and Policy Implementation,"The micro-topic tracks the evolution of EU energy policy implementation, focusing heavily on renewable energy adoption, economic competitiveness, and indicator tracking across various member states, with a notable, though sometimes tangential, focus on Eastern/Baltic countries.",87,0.6632369756698608,academic__corporate__T1__academic_27__corporate_3,1
T1,Clean energy transition,corporate_T1::corporate_T1_PG04,corporate_T1,corporate_T1_PG04,Evolution of Demand Drivers in Energy Transition,63,academic_T1::academic_T1_S075,academic,academic_T1,academic_T1_S075,Evolution of Net Zero Energy Building Concepts,"The micro-topic tracks the evolution of Net Zero Energy Building (NZEB) concepts, moving from early international design competitions to detailed technical assessments of energy performance, integration challenges, and global policy application across various building types and climates.",87,0.6402574777603149,academic__corporate__T1__academic_29__corporate_3,1
T1,Clean energy transition,corporate_T1::corporate_T1_PG04,corporate_T1,corporate_T1_PG04,Evolution of Demand Drivers in Energy Transition,63,academic_T1::academic_T1_S080,academic,academic_T1,academic_T1_S080,Central Asian Energy Transition and Water Security,"The micro-topic tracks the evolution of energy discussions in Central Asia, shifting from early focuses on transboundary water and hydropower conflicts to broader themes of renewable energy adoption, ecosystem sustainability, and geopolitical energy security across the region.",74,0.6114152669906616,academic__corporate__T1__academic_31__corporate_3,2
T1,Clean energy transition,corporate_T1::corporate_T1_PG04,corporate_T1,corporate_T1_PG04,Evolution of Demand Drivers in Energy Transition,63,academic_T1::academic_T1_S077,academic,academic_T1,academic_T1_S077,Solar PV Integration and Sustainability in Brazil,"The micro-topic tracks the evolution of solar photovoltaic (PV) technology discourse, moving from initial conceptualization of sustainable energy solutions to detailed technical evaluations, implementation case studies across various Brazilian contexts, and ongoing analysis of economic and regulatory frameworks.",74,0.6301661729812622,academic__corporate__T1__academic_30__corporate_3,1
T1,Clean energy transition,corporate_T1::corporate_T1_PG04,corporate_T1,corporate_T1_PG04,Evolution of Demand Drivers in Energy Transition,63,academic_T1::academic_T1_S084,academic,academic_T1,academic_T1_S084,Bibliometric Analysis of Energy and Sustainability Trends,"This micro-topic consistently tracks the application of bibliometric and scientometric methodologies to map the evolution, structure, and trends within the literature concerning energy systems, sustainability, and renewable energy technologies across various international databases.",65,0.6490329504013062,academic__corporate__T1__academic_33__corporate_3,1
T1,Clean energy transition,corporate_T1::corporate_T1_PG04,corporate_T1,corporate_T1_PG04,Evolution of Demand Drivers in Energy Transition,63,academic_T1::academic_T1_S090,academic,academic_T1,academic_T1_S090,Fintech and Sustainable Energy Financing Mechanisms,"The micro-topic initially explored microfinance and early financing mechanisms, rapidly shifting focus towards renewable energy project financing, risk management, and the application of advanced financial technologies (Fintech) and ESG metrics across various investment stages.",56,0.6699291467666626,academic__corporate__T1__academic_36__corporate_3,2
T1,Clean energy transition,corporate_T1::corporate_T1_PG04,corporate_T1,corporate_T1_PG04,Evolution of Demand Drivers in Energy Transition,63,media_T1::media_T1_PG01,media,media_T1,media_T1_PG01,Renewable Energy Transition Challenges and Policy Debates,"The micro-topic tracks the evolution of renewable energy discourse from early policy investment in nascent technologies to complex debates on deployment hurdles, technology mix, and decarbonization targets across decades.",1093,0.711722195148468,media__corporate__T1__media_0__corporate_3,3
T1,Clean energy transition,corporate_T1::corporate_T1_PG04,corporate_T1,corporate_T1_PG04,Evolution of Demand Drivers in Energy Transition,63,media_T1::media_T1_S003,media,media_T1,media_T1_S003,Australian Renewable Energy Policy and Infrastructure Evolution,"The micro-topic tracks the evolution of renewable energy discussions in Australia, moving from early infrastructure proposals to intense debates on targets, investment, and grid capacity across various states.",162,0.6331243515014648,media__corporate__T1__media_1__corporate_3,1
T1,Clean energy transition,corporate_T1::corporate_T1_S004,corporate_T1,corporate_T1_S004,Energy Supply Chain Vulnerabilities in Mining,47,media_T1::media_T1_S007,media,media_T1,media_T1_S007,"Subsidies, Affordability, and Regulatory Scrutiny of Energy Costs","The micro-topic tracks the evolution of concerns around energy affordability, moving from early regulatory critiques to intense focus on direct financial relief, subsidies, and market structure failures.",78,0.6559979915618896,media__corporate__T1__media_4__corporate_4,3
T1,Clean energy transition,corporate_T1::corporate_T1_PG04,corporate_T1,corporate_T1_PG04,Evolution of Demand Drivers in Energy Transition,63,media_T1::media_T1_S006,media,media_T1,media_T1_S006,Advanced Energy Storage Systems Evolution,"The micro-topic tracks the evolution of energy storage concepts, moving from early material science concerns to integrated grid solutions, with a strong focus on electric vehicles and bidirectional energy flow.",64,0.64528489112854,media__corporate__T1__media_3__corporate_3,1
T1,Clean energy transition,corporate_T1::corporate_T1_PG04,corporate_T1,corporate_T1_PG04,Evolution of Demand Drivers in Energy Transition,63,media_T1::media_T1_S009,media,media_T1,media_T1_S009,Evolution of Smart Energy Monitoring and Grid Integration,"The micro-topic tracks the evolution from basic consumer energy monitoring to complex, decentralized, and automated grid integration, heavily influenced by technology providers like EnergyOrbit, spanning personal engagement to massive infrastructure challenges.",57,0.6359596848487854,media__corporate__T1__media_5__corporate_3,1
T2,Operational sustainability and circular production,corporate_T2::corporate_T2_S007,corporate_T2,corporate_T2_S007,Commercialization Pathway of Processed Coal and Feedstocks,22,academic_T2::academic_T2_PG01,academic,academic_T2,academic_T2_PG01,Transport Emissions and Sustainable Mobility Assessment,"The micro-topic evolved from early, localized assessments of road traffic pollution to broad, systemic evaluations of sustainability across various domains. It gradually narrowed its focus, with increasing intensity, towards quantifying emissions within the context of transport and mobility, culminating in a specific focus on electric vehicle viability and comparative lifecycle assessments.",2252,0.5673364400863647,academic__corporate__T2__academic_0__corporate_3,0
T2,Operational sustainability and circular production,corporate_T2::corporate_T2_S004,corporate_T2,corporate_T2_S004,Regulatory evolution of fracking wastewater management,40,academic_T2::academic_T2_PG04,academic,academic_T2,academic_T2_PG04,Biosorption and Adsorption of Pollutants in Wastewater,The micro-topic evolved from early interests in general wastewater reuse and wetland systems to a highly focused investigation on the application of biosorbents and adsorbents derived from various biomass wastes for the removal of heavy metals and organic pollutants from effluents.,1041,0.6160626411437988,academic__corporate__T2__academic_4__corporate_2,1
T2,Operational sustainability and circular production,corporate_T2::corporate_T2_S007,corporate_T2,corporate_T2_S007,Commercialization Pathway of Processed Coal and Feedstocks,22,academic_T2::academic_T2_S010,academic,academic_T2,academic_T2_S010,LCA Application in Biorefinery Sustainability Assessment,"The micro-topic tracks the evolution of using Life Cycle Assessment (LCA) to evaluate the environmental performance of biorefineries and bioenergy systems derived from biomass, showing a clear progression from initial environmental trade-off evaluations to complex, integrated techno-economic and sustainability assessments.",379,0.6109015345573425,academic__corporate__T2__academic_7__corporate_3,2
T2,Operational sustainability and circular production,corporate_T2::corporate_T2_S007,corporate_T2,corporate_T2_S007,Commercialization Pathway of Processed Coal and Feedstocks,22,academic_T2::academic_T2_PG08,academic,academic_T2,academic_T2_PG08,Sustainable Manufacturing Processes in Metalworking,"The micro-topic tracks the evolution of sustainable practices within metalworking, shifting from early focuses on lubrication and coatings to a dominant theme of Life Cycle Assessment (LCA) comparing additive manufacturing against subtractive machining methods, while also incorporating material waste utilization.",343,0.6616271734237671,academic__corporate__T2__academic_11__corporate_3,2
T2,Operational sustainability and circular production,corporate_T2::corporate_T2_S000,corporate_T2,corporate_T2_S000,Substance Liability and Regulatory Compliance,96,academic_T2::academic_T2_S021,academic,academic_T2,academic_T2_S021,Chemical Safety and Risk Management Evolution,"The micro-topic tracks the evolution of chemical safety discourse from early concerns over industrial toxins and international policy (2000s) toward highly technical, proactive risk management, chemical substitution, and complex regulatory frameworks within the EU context (2010s-2020s).",245,0.6415027379989624,academic__corporate__T2__academic_12__corporate_0,2
T2,Operational sustainability and circular production,corporate_T2::corporate_T2_S004,corporate_T2,corporate_T2_S004,Regulatory evolution of fracking wastewater management,40,academic_T2::academic_T2_S024,academic,academic_T2,academic_T2_S024,Petroleum Production Water Management and Treatment,"The micro-topic evolved from early concerns with waste disposal and chemical synthesis to a highly focused, advanced discussion on the sustainable management, treatment, and reuse of produced water across various stages of oil and gas extraction, particularly in shale and offshore environments.",211,0.7160549163818359,academic__corporate__T2__academic_14__corporate_2,4
T2,Operational sustainability and circular production,corporate_T2::corporate_T2_S007,corporate_T2,corporate_T2_S007,Commercialization Pathway of Processed Coal and Feedstocks,22,academic_T2::academic_T2_S076,academic,academic_T2,academic_T2_S076,Cellulose Nanomaterials in Paper and Composites,"The research trajectory moved from early process improvements in paper recycling to a deep focus on synthesizing and applying various forms of cellulose nanomaterials (CNCs, CNFs) to enhance the properties of paper and create advanced, sustainable composites.",67,0.615032434463501,academic__corporate__T2__academic_27__corporate_3,1
T2,Operational sustainability and circular production,corporate_T2::corporate_T2_S004,corporate_T2,corporate_T2_S004,Regulatory evolution of fracking wastewater management,40,academic_T2::academic_T2_S088,academic,academic_T2,academic_T2_S088,Evolution of Sustainability Assessment Frameworks for Water Infrastructure,"The micro-topic evolved from early focus on basin-scale capacity and pollution abatement to a highly methodological focus on developing and applying multi-criteria decision analysis (MCDA) and sustainability indicators across various infrastructure types, culminating in frameworks aligned with global goals.",54,0.6376156806945801,academic__corporate__T2__academic_29__corporate_2,1
T3,"Sustainable products, services and consumption",corporate_T3::corporate_T3_S010,corporate_T3,corporate_T3_S010,Biochar/Biofraction Production via Pyrolysis,6,academic_T3::academic_T3_PG04,academic,academic_T3,academic_T3_PG04,Bioplastic and Biopolymer Development and Application,"The micro-topic evolved from early, highly tangential explorations into water quality and degradation mechanisms (2000-2002), through periods of thematic drift into biofuels and water scarcity (2003-2007), before stabilizing around the core theme of bioplastics and biopolymers. The later phases show a clear progression from general material synthesis and property testing (2014-2018) to highly specialized applications, such as advanced composites, functional food packaging, and specific chemical synthesis routes (2019-2025).",6939,0.6839830875396729,academic__corporate__T3__academic_5__corporate_7,2
T3,"Sustainable products, services and consumption",corporate_T3::corporate_T3_S000,corporate_T3,corporate_T3_S000,ESG and Stakeholder Pressure on Emissions and Consumption,41,academic_T3::academic_T3_PG08,academic,academic_T3,academic_T3_PG08,Evolution of Circularity and Stakeholder Engagement in Food/Economic Systems,"The micro-topic evolved from early conceptualizations of sustainable food systems and community involvement to a mature focus on the implementation, critique, and integration of the Circular Economy (CE) across economic and ecological systems, with a persistent thread of stakeholder involvement.",4917,0.7043666243553162,academic__corporate__T3__academic_10__corporate_0,3
T3,"Sustainable products, services and consumption",corporate_T3::corporate_T3_S000,corporate_T3,corporate_T3_S000,ESG and Stakeholder Pressure on Emissions and Consumption,41,academic_T3::academic_T3_S000,academic,academic_T3,academic_T3_S000,Sustainable Transport Evolution,"The micro-topic traces the evolution of sustainable transport discourse from early policy/decoupling discussions to a heavy focus on technological adoption, particularly electromobility and micromobility, driven by behavioral science and environmental impact assessment.",2435,0.6444792747497559,academic__corporate__T3__academic_0__corporate_0,2
T3,"Sustainable products, services and consumption",corporate_T3::corporate_T3_S000,corporate_T3,corporate_T3_S000,ESG and Stakeholder Pressure on Emissions and Consumption,41,academic_T3::academic_T3_PG05,academic,academic_T3,academic_T3_PG05,Evolution of Sustainable Sourcing and Supplier Relationships in SCM,"The micro-topic traces the evolution of integrating sustainability into supply chain management, moving from broad organizational governance concerns to highly specific, quantitative methods for sustainable supplier selection and relationship management.",2287,0.6741527318954468,academic__corporate__T3__academic_7__corporate_0,3
T3,"Sustainable products, services and consumption",corporate_T3::corporate_T3_S000,corporate_T3,corporate_T3_S000,ESG and Stakeholder Pressure on Emissions and Consumption,41,academic_T3::academic_T3_S001,academic,academic_T3,academic_T3_S001,Evolution of Sustainable Textile and Apparel Discourse,"The micro-topic evolved from early theoretical applications of design theory to a sustained focus on the intersection of sustainable design, consumer behavior, and market mechanisms within the textile and apparel industry, culminating in a strong emphasis on consumer knowledge and systemic challenges.",2166,0.6218531131744385,academic__corporate__T3__academic_1__corporate_0,2
T3,"Sustainable products, services and consumption",corporate_T3::corporate_T3_S002,corporate_T3,corporate_T3_S002,Consumer Market Dynamics and Competitive Pressure,18,academic_T3::academic_T3_PG09,academic,academic_T3,academic_T3_PG09,Evolution of Consumer Drivers for Sustainable Food Purchases,"The micro-topic tracks the evolution of consumer attitudes, willingness, and behavior regarding sustainably and organically produced goods across various contexts, shifting from early focus on perceptions to complex modeling of drivers and marketing influences.",2036,0.7019869089126587,academic__corporate__T3__academic_11__corporate_2,3
T3,"Sustainable products, services and consumption",corporate_T3::corporate_T3_S009,corporate_T3,corporate_T3_S009,Sustainable Manufacturing and Energy Transition,6,academic_T3::academic_T3_PG13,academic,academic_T3,academic_T3_PG13,Transdisciplinary Design for Sustainable Systems,"The micro-topic traces the evolution of applying interdisciplinary and transdisciplinary design methodologies to address complex sustainability challenges across educational and practical contexts, moving from early educational dialogues to advanced iterative design systems.",1436,0.5567117929458618,academic__corporate__T3__academic_17__corporate_6,0
T3,"Sustainable products, services and consumption",corporate_T3::corporate_T3_S000,corporate_T3,corporate_T3_S000,ESG and Stakeholder Pressure on Emissions and Consumption,41,academic_T3::academic_T3_S006,academic,academic_T3,academic_T3_S006,Critique of Sustainability Paradigms: From Development to Systemic Transformation,"The micro-topic traces the evolution of sustainability discourse from early definitions of sustainable development rooted in modernization and economic integration, through intense theoretical critiques of growth paradigms (degrowth, biocentrism), to contemporary engagements with the Anthropocene and calls for systemic, posthuman transformations.",1415,0.6228134632110596,academic__corporate__T3__academic_6__corporate_0,2
T3,"Sustainable products, services and consumption",corporate_T3::corporate_T3_S000,corporate_T3,corporate_T3_S000,ESG and Stakeholder Pressure on Emissions and Consumption,41,academic_T3::academic_T3_PG12,academic,academic_T3,academic_T3_PG12,"Urban Form, Livability, and Sustainable Development Trajectories","The micro-topic tracks the evolution of sustainable urbanism, moving from early critiques of market-driven sprawl and social cohesion issues to a highly integrated focus on megacity livability, smart technologies, and policy implementation across various global contexts.",1308,0.606378972530365,academic__corporate__T3__academic_16__corporate_0,1
T3,"Sustainable products, services and consumption",corporate_T3::corporate_T3_S010,corporate_T3,corporate_T3_S010,Biochar/Biofraction Production via Pyrolysis,6,academic_T3::academic_T3_PG07,academic,academic_T3,academic_T3_PG07,Sustainable Catalysis and Green Chemistry Evolution,"The micro-topic traces the evolution of sustainable chemical processes, moving from broad conceptualizations of green chemistry and CO2 utilization to highly specific applications involving advanced nanocatalysts, electrocatalysis, and green synthesis methods using biological entities.",1236,0.6616756319999695,academic__corporate__T3__academic_9__corporate_7,3
T3,"Sustainable products, services and consumption",corporate_T3::corporate_T3_S009,corporate_T3,corporate_T3_S009,Sustainable Manufacturing and Energy Transition,6,academic_T3::academic_T3_PG17,academic,academic_T3,academic_T3_PG17,Sustainable and Eco-Entrepreneurship Evolution,"The micro-topic evolved from early, highly technical applications in manufacturing and design to a broad, multi-faceted examination of sustainable entrepreneurship across business models, educational frameworks, and global ecosystems.",1150,0.6562838554382324,academic__corporate__T3__academic_33__corporate_6,4
T3,"Sustainable products, services and consumption",corporate_T3::corporate_T3_S000,corporate_T3,corporate_T3_S000,ESG and Stakeholder Pressure on Emissions and Consumption,41,academic_T3::academic_T3_PG06,academic,academic_T3,academic_T3_PG06,Econometric Analysis of Economic Growth and Environmental Sustainability,"The micro-topic evolved from early conceptual critiques of GDP and sustainability indices to a highly specialized focus on applying advanced econometric techniques, particularly cointegration and error correction models, to analyze the long-term relationships between economic variables, energy use, and environmental outcomes across various country groupings.",1045,0.6324492692947388,academic__corporate__T3__academic_8__corporate_0,1
T3,"Sustainable products, services and consumption",corporate_T3::corporate_T3_S000,corporate_T3,corporate_T3_S000,ESG and Stakeholder Pressure on Emissions and Consumption,41,academic_T3::academic_T3_PG15,academic,academic_T3,academic_T3_PG15,HEI Sustainability Assessment and ESD Integration,"The micro-topic tracks the evolution of sustainability concepts within Higher Education Institutions (HEIs), moving from early conceptual debates on unsustainability and institutionalizing change to a highly focused, metric-driven assessment of SDG integration and ESD implementation across various global contexts.",930,0.620896577835083,academic__corporate__T3__academic_21__corporate_0,1
T3,"Sustainable products, services and consumption",corporate_T3::corporate_T3_S000,corporate_T3,corporate_T3_S000,ESG and Stakeholder Pressure on Emissions and Consumption,41,academic_T3::academic_T3_PG20,academic,academic_T3,academic_T3_PG20,Evolution of CSR/ESG in Banking,"The micro-topic tracks the evolution of sustainability concerns within the banking sector, moving from early environmental focus to complex integration of ESG, risk, and green finance mechanisms.",883,0.6770160794258118,academic__corporate__T3__academic_30__corporate_0,2
T3,"Sustainable products, services and consumption",corporate_T3::corporate_T3_S000,corporate_T3,corporate_T3_S000,ESG and Stakeholder Pressure on Emissions and Consumption,41,academic_T3::academic_T3_PG11,academic,academic_T3,academic_T3_PG11,Evolution of Green Building Standards Adoption and Implementation,"The micro-topic tracks the evolution of sustainable building practices, heavily referencing international and regional green building rating systems (LEED, USGBC, IGBC) and their implementation challenges across various global contexts, with a strong later focus on digital tools like BIM.",823,0.62427818775177,academic__corporate__T3__academic_14__corporate_0,2
T3,"Sustainable products, services and consumption",corporate_T3::corporate_T3_S009,corporate_T3,corporate_T3_S009,Sustainable Manufacturing and Energy Transition,6,academic_T3::academic_T3_S017,academic,academic_T3,academic_T3_S017,Biocomposites and Natural Fiber Composites Evolution,"The micro-topic tracks the evolution of biocomposites, initially focusing on automotive applications and sustainability drivers, progressively shifting towards detailed mechanical characterization, hybridization with fillers/nanofillers, and optimization within epoxy and thermoplastic matrices.",639,0.6112685203552246,academic__corporate__T3__academic_13__corporate_6,2
T3,"Sustainable products, services and consumption",corporate_T3::corporate_T3_S002,corporate_T3,corporate_T3_S002,Consumer Market Dynamics and Competitive Pressure,18,academic_T3::academic_T3_PG18,academic,academic_T3,academic_T3_PG18,Food Waste Management Evolution,"The micro-topic evolved from early, context-specific views on informal waste collection and local recycling systems to a highly focused, quantitative examination of household behavior, food surplus management from retail, and finally, to advanced systemic approaches involving technological interventions, zero-waste innovation, and consumer psychology.",616,0.6151984930038452,academic__corporate__T3__academic_28__corporate_2,1
T3,"Sustainable products, services and consumption",corporate_T3::corporate_T3_S009,corporate_T3,corporate_T3_S009,Sustainable Manufacturing and Energy Transition,6,academic_T3::academic_T3_PG19,academic,academic_T3,academic_T3_PG19,AI for Sustainable Development Goals and Smart Systems,"The micro-topic tracks the evolution of applying AI and computational methods to achieve Sustainable Development Goals (SDGs), moving from early focus on forecasting and optimization to later emphasis on explainability, urban integration, and automated ecological systems.",543,0.6334792375564575,academic__corporate__T3__academic_29__corporate_6,1
T3,"Sustainable products, services and consumption",corporate_T3::corporate_T3_S000,corporate_T3,corporate_T3_S000,ESG and Stakeholder Pressure on Emissions and Consumption,41,academic_T3::academic_T3_PG16,academic,academic_T3,academic_T3_PG16,Household Behavioral Determinants of Prosumer Adoption,"The micro-topic tracks the evolution of research focusing on how household behavior and willingness influence the adoption of sustainable energy practices, transitioning from general energy consumption patterns to specific focuses on renewable energy technologies like photovoltaics and microgrids.",536,0.6664423942565918,academic__corporate__T3__academic_22__corporate_0,3
T3,"Sustainable products, services and consumption",corporate_T3::corporate_T3_S000,corporate_T3,corporate_T3_S000,ESG and Stakeholder Pressure on Emissions and Consumption,41,academic_T3::academic_T3_PG24,academic,academic_T3,academic_T3_PG24,Sustainable Logistics and Warehousing Evolution,"The micro-topic evolved from early case studies on urban logistics and policy constraints to a highly focused, sustained investigation into integrating comprehensive sustainability and green technologies across the entire logistics chain, including warehousing and maritime transport, with a strong emphasis on policy frameworks.",522,0.664371907711029,academic__corporate__T3__academic_37__corporate_0,3
T3,"Sustainable products, services and consumption",corporate_T3::corporate_T3_S000,corporate_T3,corporate_T3_S000,ESG and Stakeholder Pressure on Emissions and Consumption,41,academic_T3::academic_T3_S028,academic,academic_T3,academic_T3_S028,Ecopsychological Drivers of Proenvironmental Behavior,"The micro-topic traces the evolution of research into how psychological factors drive proenvironmental behaviors, moving from early applications of psychological models to a highly nuanced focus on personality, subjective experience, and intervention mechanisms.",492,0.624203622341156,academic__corporate__T3__academic_19__corporate_0,1
T3,"Sustainable products, services and consumption",corporate_T3::corporate_T3_S009,corporate_T3,corporate_T3_S009,Sustainable Manufacturing and Energy Transition,6,academic_T3::academic_T3_S027,academic,academic_T3,academic_T3_S027,Evolution of Sustainability Application and Assessment Methods,"The micro-topic tracks the evolution of applying development and assessment approaches to sustainability issues, shifting from specific technical evaluations to broad methodological and reporting frameworks.",451,0.6187514662742615,academic__corporate__T3__academic_18__corporate_6,1
T3,"Sustainable products, services and consumption",corporate_T3::corporate_T3_S009,corporate_T3,corporate_T3_S009,Sustainable Manufacturing and Energy Transition,6,academic_T3::academic_T3_S036,academic,academic_T3,academic_T3_S036,Evolution of Sustainable Building Envelope Materials,"The micro-topic evolved from an early focus on forestry and engineered wood products to a broad investigation of composite materials, then narrowed into specific applications of timber, earthen materials, and advanced sustainable cladding systems across various construction contexts.",446,0.639403223991394,academic__corporate__T3__academic_25__corporate_6,1
T3,"Sustainable products, services and consumption",corporate_T3::corporate_T3_S000,corporate_T3,corporate_T3_S000,ESG and Stakeholder Pressure on Emissions and Consumption,41,academic_T3::academic_T3_S038,academic,academic_T3,academic_T3_S038,Evolution of Sustainable HRM/GHRM Integration,"The micro-topic tracks the evolution of integrating sustainability concepts into Human Resource Management (HRM), progressing from early theoretical models to highly specific, empirical investigations of Green HRM (GHRM) and Sustainable HRM (SHRM) across various global contexts.",409,0.6065451502799988,academic__corporate__T3__academic_26__corporate_0,2
T3,"Sustainable products, services and consumption",corporate_T3::corporate_T3_S009,corporate_T3,corporate_T3_S009,Sustainable Manufacturing and Energy Transition,6,academic_T3::academic_T3_PG34,academic,academic_T3,academic_T3_PG34,Sustainable Leadership and Resource Orientation,"The micro-topic tracks the evolution of leadership concepts through the lens of sustainability, moving from early theoretical applications to highly focused conceptualizations of resource-oriented and responsible leadership frameworks.",409,0.6492173075675964,academic__corporate__T3__academic_73__corporate_6,2
T3,"Sustainable products, services and consumption",corporate_T3::corporate_T3_S000,corporate_T3,corporate_T3_S000,ESG and Stakeholder Pressure on Emissions and Consumption,41,academic_T3::academic_T3_S048,academic,academic_T3,academic_T3_S048,Evolution of Sustainability Accounting and Auditing Focus,"The micro-topic evolved from early conceptual critiques of audit objectivity and sustainability definitions to a sustained focus on integrating ecological and environmental aspects into accounting practices, culminating in a strong emphasis on ESG reporting and its relationship with auditing standards.",335,0.6522865295410156,academic__corporate__T3__academic_31__corporate_0,2
T3,"Sustainable products, services and consumption",corporate_T3::corporate_T3_S002,corporate_T3,corporate_T3_S002,Consumer Market Dynamics and Competitive Pressure,18,academic_T3::academic_T3_S066,academic,academic_T3,academic_T3_S066,Pandemic Impact on Consumer Behavior and Sustainability,"This micro-topic tracks the evolving academic discourse on how the COVID-19 pandemic and related outbreaks have affected consumer behavior, with a strong underlying thread of sustainability concerns, shifting from immediate crisis response to long-term adaptation.",256,0.6848948001861572,academic__corporate__T3__academic_38__corporate_2,2
T3,"Sustainable products, services and consumption",corporate_T3::corporate_T3_S002,corporate_T3,corporate_T3_S002,Consumer Market Dynamics and Competitive Pressure,18,academic_T3::academic_T3_S073,academic,academic_T3,academic_T3_S073,Evolution of Sharing Economy Models and Sustainability Critiques,"The micro-topic traces the evolution of academic focus on sharing economies, moving from abstract societal structures to intense scrutiny of transactionalism, regulatory challenges, and ultimately, a sustained focus on sustainability assessment across various contexts and business models.",225,0.6687483191490173,academic__corporate__T3__academic_41__corporate_2,4
T3,"Sustainable products, services and consumption",corporate_T3::corporate_T3_S000,corporate_T3,corporate_T3_S000,ESG and Stakeholder Pressure on Emissions and Consumption,41,academic_T3::academic_T3_S076,academic,academic_T3,academic_T3_S076,Critical Evolution of the Bioeconomy Paradigm,"The micro-topic tracks the evolution of the bioeconomy discourse from initial paradigm definition and critique through increasingly complex examinations of sustainability, technological integration, socio-ecological tensions, and governance frameworks across nearly two decades.",224,0.6279029250144958,academic__corporate__T3__academic_43__corporate_0,1
T3,"Sustainable products, services and consumption",corporate_T3::corporate_T3_S009,corporate_T3,corporate_T3_S009,Sustainable Manufacturing and Energy Transition,6,academic_T3::academic_T3_S079,academic,academic_T3,academic_T3_S079,Industry 5.0 Manufacturing Digitalization and IoT,"The micro-topic traces the evolution of manufacturing paradigms from early ubiquitous computing concepts through the lens of Industry 4.0, culminating in a strong focus on Industry 5.0 and the integration of sustainability, human-centricity, and advanced digital technologies like IoT and mechatronics.",205,0.611449658870697,academic__corporate__T3__academic_46__corporate_6,2
T3,"Sustainable products, services and consumption",corporate_T3::corporate_T3_S006,corporate_T3,corporate_T3_S006,Environmental Liability and Compliance Risk Evolution,10,academic_T3::academic_T3_S083,academic,academic_T3,academic_T3_S083,Evolution of Sustainable Mineral Extraction Discourse,"The micro-topic tracks the evolution of discourse around mineral extraction, moving from early focuses on local sustainability and globalization challenges to increasingly technical and integrated frameworks involving LCA, SDGs, and specific technological challenges like tailings management and decarbonization.",201,0.6397231817245483,academic__corporate__T3__academic_48__corporate_5,4
T3,"Sustainable products, services and consumption",corporate_T3::corporate_T3_S000,corporate_T3,corporate_T3_S000,ESG and Stakeholder Pressure on Emissions and Consumption,41,academic_T3::academic_T3_S087,academic,academic_T3,academic_T3_S087,Evolution of Sustainable Public Procurement Frameworks,"The micro-topic tracks the evolution of sustainable procurement practices, moving from niche focus on specific waste streams to comprehensive, multi-dimensional frameworks addressing legal, organizational, and global sustainability goals.",181,0.6194731593132019,academic__corporate__T3__academic_50__corporate_0,2
T3,"Sustainable products, services and consumption",corporate_T3::corporate_T3_S002,corporate_T3,corporate_T3_S002,Consumer Market Dynamics and Competitive Pressure,18,academic_T3::academic_T3_S091,academic,academic_T3,academic_T3_S091,Sustainable Lighting Evolution: From Natural Light to Smart Systems,"The micro-topic tracks the evolution of lighting research from an early focus on integrating natural daylight into architecture for energy efficiency, through periods of intense focus on specific technologies (LEDs, fluorescents), to a modern emphasis on holistic human perception, sustainability frameworks, and smart system integration in urban and built environments.",179,0.6046525239944458,academic__corporate__T3__academic_53__corporate_2,2
T3,"Sustainable products, services and consumption",corporate_T3::corporate_T3_S010,corporate_T3,corporate_T3_S010,Biochar/Biofraction Production via Pyrolysis,6,academic_T3::academic_T3_S090,academic,academic_T3,academic_T3_S090,Ruminant Feed Utilization and GHG Mitigation,"The micro-topic tracks the evolution of research into improving ruminant nutrition and sustainability by focusing on feedstuff digestibility, silage quality, and methane mitigation through various feed additives and byproducts.",168,0.6362787485122681,academic__corporate__T3__academic_52__corporate_7,2
T3,"Sustainable products, services and consumption",corporate_T3::corporate_T3_S000,corporate_T3,corporate_T3_S000,ESG and Stakeholder Pressure on Emissions and Consumption,41,academic_T3::academic_T3_PG29,academic,academic_T3,academic_T3_PG29,Evolution of Aviation Sustainability Focus,"The micro-topic evolved from early theoretical concerns regarding design and lifecycle emissions in aviation technology to a highly focused, systemic examination of Sustainable Aviation Fuels (SAF) and comprehensive decarbonization strategies across the entire aviation ecosystem, including airports and airlines.",165,0.6237674951553345,academic__corporate__T3__academic_83__corporate_0,1
T3,"Sustainable products, services and consumption",corporate_T3::corporate_T3_S009,corporate_T3,corporate_T3_S009,Sustainable Manufacturing and Energy Transition,6,academic_T3::academic_T3_S097,academic,academic_T3,academic_T3_S097,Earth Block Material Science and Sustainability,"The research trajectory moved from initial mechanical property investigations of earth blocks to a sustained focus on material enhancement, sustainability, and advanced stabilization techniques using various local and industrial by-products.",158,0.6266703009605408,academic__corporate__T3__academic_55__corporate_6,1
T3,"Sustainable products, services and consumption",corporate_T3::corporate_T3_S002,corporate_T3,corporate_T3_S002,Consumer Market Dynamics and Competitive Pressure,18,academic_T3::academic_T3_S099,academic,academic_T3,academic_T3_S099,Evolution of Greenwashing Discourse,"The discourse evolved from initial empirical identification of greenwashing practices to a highly nuanced, multi-faceted examination encompassing methodological validation, industry-specific impacts, and the comparative analysis of deceptive claims versus omissions (like greenhushing).",153,0.6457692384719849,academic__corporate__T3__academic_56__corporate_2,4
T3,"Sustainable products, services and consumption",corporate_T3::corporate_T3_S002,corporate_T3,corporate_T3_S002,Consumer Market Dynamics and Competitive Pressure,18,academic_T3::academic_T3_S105,academic,academic_T3,academic_T3_S105,Evolution of Sustainability in Gastronomy and Hospitality,"The micro-topic tracks the evolving academic focus on sustainability within the gastronomic and hospitality sectors, moving from initial competitive advantage framing to detailed implementation assessments across various restaurant types and global contexts.",142,0.6614891290664673,academic__corporate__T3__academic_57__corporate_2,4
T3,"Sustainable products, services and consumption",corporate_T3::corporate_T3_S009,corporate_T3,corporate_T3_S009,Sustainable Manufacturing and Energy Transition,6,academic_T3::academic_T3_S108,academic,academic_T3,academic_T3_S108,Sustainable Machining Fluids and Process Optimization,"The micro-topic evolved from early considerations of sustainability in machining processes to a highly focused investigation on the role of advanced lubrication and cooling technologies, such as nanofluids and biodegradable coolants, in achieving green machining goals.",142,0.6687356233596802,academic__corporate__T3__academic_60__corporate_6,2
T3,"Sustainable products, services and consumption",corporate_T3::corporate_T3_S009,corporate_T3,corporate_T3_S009,Sustainable Manufacturing and Energy Transition,6,academic_T3::academic_T3_S116,academic,academic_T3,academic_T3_S116,"Ecospirituality, Stewardship, Interfaith Religiosity","The micro-topic traces the evolution of religious engagement with environmentalism, moving from early theological grounding in specific religious practices (like foodways) to a broad, interfaith, and critical examination of global sustainability paradigms, increasingly incorporating concepts from major world religions and advanced ecological theory.",133,0.6054995059967041,academic__corporate__T3__academic_63__corporate_6,2
T3,"Sustainable products, services and consumption",corporate_T3::corporate_T3_S000,corporate_T3,corporate_T3_S000,ESG and Stakeholder Pressure on Emissions and Consumption,41,academic_T3::academic_T3_S118,academic,academic_T3,academic_T3_S118,MNCs and SDGs Engagement,"The topic tracks the evolving academic focus on the role of Multinational Corporations (MNCs/MNEs) in relation to the Sustainable Development Goals (SDGs) across nearly two decades, moving from early advocacy to detailed implementation analysis and scrutiny of greenwashing.",130,0.6406717300415039,academic__corporate__T3__academic_64__corporate_0,1
T3,"Sustainable products, services and consumption",corporate_T3::corporate_T3_S002,corporate_T3,corporate_T3_S002,Consumer Market Dynamics and Competitive Pressure,18,academic_T3::academic_T3_S124,academic,academic_T3,academic_T3_S124,Sustainable Inventory Optimization under Uncertainty,"The micro-topic evolved from an initial focus on integrating environmental constraints into logistics design, through various stages of multi-objective modeling and uncertainty handling, to a final, strong convergence on integrating perishability, shortage management (backordering), and EOQ within comprehensive sustainable supply chain optimization frameworks.",125,0.6250141263008118,academic__corporate__T3__academic_68__corporate_2,3
T3,"Sustainable products, services and consumption",corporate_T3::corporate_T3_S002,corporate_T3,corporate_T3_S002,Consumer Market Dynamics and Competitive Pressure,18,academic_T3::academic_T3_S125,academic,academic_T3,academic_T3_S125,"Evolution of Halalness, Ijtihad, and Traceability in Academic Discourse","The micro-topic evolved from early comparative religious dietary law discussions to a highly integrated focus on the intersection of halal principles, supply chain management, sustainability, and advanced Islamic jurisprudence (ijtihad) in the global context.",122,0.6514679193496704,academic__corporate__T3__academic_69__corporate_2,2
T3,"Sustainable products, services and consumption",corporate_T3::corporate_T3_S000,corporate_T3,corporate_T3_S000,ESG and Stakeholder Pressure on Emissions and Consumption,41,academic_T3::academic_T3_S129,academic,academic_T3,academic_T3_S129,Evolution of the Water-Energy-Food Nexus Research Focus,"The micro-topic evolved from an initial focus on disequilibria in water-energy-food systems to a highly integrated, methodological focus on the broader WEFEN/WEFE nexus, increasingly incorporating sustainability goals, policy frameworks, and advanced analytical techniques.",116,0.5884599685668945,academic__corporate__T3__academic_75__corporate_0,0
T3,"Sustainable products, services and consumption",corporate_T3::corporate_T3_S000,corporate_T3,corporate_T3_S000,ESG and Stakeholder Pressure on Emissions and Consumption,41,academic_T3::academic_T3_S134,academic,academic_T3,academic_T3_S134,FinTech's Role in Sustainable Finance and Ecosystem Transformation,"The micro-topic tracks the evolution of FinTech's role, shifting from initial digital transformation discussions in banking to a deep focus on its impact on sustainability, financial inclusion, and the integration of advanced technologies like blockchain within the broader financial ecosystem.",110,0.6198790669441223,academic__corporate__T3__academic_74__corporate_0,2
T3,"Sustainable products, services and consumption",corporate_T3::corporate_T3_S010,corporate_T3,corporate_T3_S010,Biochar/Biofraction Production via Pyrolysis,6,academic_T3::academic_T3_S142,academic,academic_T3,academic_T3_S142,Sustainable Acoustic Composites Development,The research trajectory shows a clear evolution from early explorations of specialized absorption mechanisms to a mature focus on developing and validating high-performance composites derived from diverse agricultural and textile waste streams for soundproofing and insulation.,106,0.6129419803619385,academic__corporate__T3__academic_77__corporate_7,2
T3,"Sustainable products, services and consumption",corporate_T3::corporate_T3_S009,corporate_T3,corporate_T3_S009,Sustainable Manufacturing and Energy Transition,6,academic_T3::academic_T3_S135,academic,academic_T3,academic_T3_S135,Solar and Advanced Drying System Development,"The micro-topic tracks the evolution of drying technology research, moving from initial small-scale biomass integration to advanced thermodynamic modeling, material science enhancements, and the integration of smart/hybrid systems.",104,0.6279370188713074,academic__corporate__T3__academic_78__corporate_6,1
T3,"Sustainable products, services and consumption",corporate_T3::corporate_T3_S009,corporate_T3,corporate_T3_S009,Sustainable Manufacturing and Energy Transition,6,academic_T3::academic_T3_S151,academic,academic_T3,academic_T3_S151,Perovskite PV Evolution: From Sustainability Concerns to Material Science Hurdles,"The micro-topic traces the evolution of PV research from an initial focus on broad sustainability and environmental impact assessments across various PV types, through dedicated explorations of material science advancements like perovskites, to a highly focused contemporary challenge on improving perovskite stability and mitigating toxicity for commercial viability.",98,0.6272220611572266,academic__corporate__T3__academic_82__corporate_6,2
T3,"Sustainable products, services and consumption",corporate_T3::corporate_T3_S000,corporate_T3,corporate_T3_S000,ESG and Stakeholder Pressure on Emissions and Consumption,41,academic_T3::academic_T3_S141,academic,academic_T3,academic_T3_S141,Socio-Economic and Environmental Sustainability Integration,"The micro-topic evolved from early conceptualizations of sustainability management and competitiveness in Argentinean contexts to a highly advanced, multidisciplinary focus on integrating innovation, economic viability, and societal responsibility across various sectors, culminating in a focus on regulatory compliance and broad application.",98,0.6091993451118469,academic__corporate__T3__academic_76__corporate_0,1
T3,"Sustainable products, services and consumption",corporate_T3::corporate_T3_S009,corporate_T3,corporate_T3_S009,Sustainable Manufacturing and Energy Transition,6,academic_T3::academic_T3_S145,academic,academic_T3,academic_T3_S145,Evolution of Frugal Innovation Concepts and Applications,"The micro-topic evolved from early theoretical reassessments of frugal innovation in global markets to a highly applied and theoretically dense focus on sustainability, societal impact, and technological integration across various contexts.",96,0.6573649644851685,academic__corporate__T3__academic_79__corporate_6,4
T3,"Sustainable products, services and consumption",corporate_T3::corporate_T3_S000,corporate_T3,corporate_T3_S000,ESG and Stakeholder Pressure on Emissions and Consumption,41,academic_T3::academic_T3_S160,academic,academic_T3,academic_T3_S160,Hydrogen and Biohydrogen in Decarbonization,"The micro-topic tracks the evolution of hydrogen and biohydrogen as a key vector for decarbonizing energy systems, particularly transportation, moving from early conceptual discussions of potential to detailed assessments of production pathways, technological integration, and regulatory frameworks.",96,0.6591511964797974,academic__corporate__T3__academic_86__corporate_0,3
T3,"Sustainable products, services and consumption",corporate_T3::corporate_T3_S006,corporate_T3,corporate_T3_S006,Environmental Liability and Compliance Risk Evolution,10,academic_T3::academic_T3_S157,academic,academic_T3,academic_T3_S157,Cathode Material Sustainability and Lifecycle Assessment in Batteries,"The micro-topic tracks the evolution of research focusing on the environmental footprint of battery components, specifically cathode materials like LiFePO4, across the entire lifecycle, from raw material extraction to recycling, with a strong emphasis on LCA and GHG emissions.",92,0.641608715057373,academic__corporate__T3__academic_84__corporate_5,3
T3,"Sustainable products, services and consumption",corporate_T3::corporate_T3_S000,corporate_T3,corporate_T3_S000,ESG and Stakeholder Pressure on Emissions and Consumption,41,academic_T3::academic_T3_S170,academic,academic_T3,academic_T3_S170,Evolution of Sustainability Balanced Scorecard (SBSC) Application,"The micro-topic tracks the evolution of using scorecards, particularly the Balanced Scorecard (BSC) and its sustainability extensions (SBSC/ESBSC), to measure organizational performance across various contexts, moving from initial methodological application to complex, multi-faceted integration.",84,0.6042525768280029,academic__corporate__T3__academic_89__corporate_0,1
T3,"Sustainable products, services and consumption",corporate_T3::corporate_T3_S010,corporate_T3,corporate_T3_S010,Biochar/Biofraction Production via Pyrolysis,6,academic_T3::academic_T3_S167,academic,academic_T3,academic_T3_S167,Green HPLC and Chromatographic Techniques,"The micro-topic tracks the evolution of applying HPLC and chromatography to achieve greener analytical methods, initially focusing on exergetic comparisons and green chemistry principles, and progressively moving towards rigorous sustainability assessment and bioanalytical application.",83,0.6279921531677246,academic__corporate__T3__academic_88__corporate_7,4
T3,"Sustainable products, services and consumption",corporate_T3::corporate_T3_S000,corporate_T3,corporate_T3_S000,ESG and Stakeholder Pressure on Emissions and Consumption,41,academic_T3::academic_T3_S186,academic,academic_T3,academic_T3_S186,Cooperative Models and Sustainability Trajectories,"The micro-topic tracks the evolution of cooperative discourse from early structural/CSR focus to a mature integration of sustainability, governance, and financial viability across global contexts.",70,0.6249386668205261,academic__corporate__T3__academic_96__corporate_0,3
T3,"Sustainable products, services and consumption",corporate_T3::corporate_T3_S009,corporate_T3,corporate_T3_S009,Sustainable Manufacturing and Energy Transition,6,academic_T3::academic_T3_S189,academic,academic_T3,academic_T3_S189,Sustainable Leather Processing and Alternatives,"The micro-topic tracks the evolution of sustainable practices within the leather and tannery industries, moving from early process innovations like biodiesel production to a strong focus on bio-based material substitution, chromium mitigation, and circular economy solutions.",66,0.6341931223869324,academic__corporate__T3__academic_97__corporate_6,2
T3,"Sustainable products, services and consumption",corporate_T3::corporate_T3_S000,corporate_T3,corporate_T3_S000,ESG and Stakeholder Pressure on Emissions and Consumption,41,academic_T3::academic_T3_S202,academic,academic_T3,academic_T3_S202,Evolution of Sustainable and Ecological Marketing Strategy,"The micro-topic tracks the evolution of marketing concepts, moving from early focuses on global CSR and sustainability principles to increasingly specific applications in ecological marketing, territorial development, and enhancing enterprise competitiveness within a globalized context.",60,0.6374772787094116,academic__corporate__T3__academic_102__corporate_0,3
T3,"Sustainable products, services and consumption",corporate_T3::corporate_T3_S000,corporate_T3,corporate_T3_S000,ESG and Stakeholder Pressure on Emissions and Consumption,41,academic_T3::academic_T3_S213,academic,academic_T3,academic_T3_S213,Energy Transition and Sustainable Fuels,"The micro-topic tracks the evolution of energy discourse from early environmental risk assessment of fuels to a sustained focus on the necessity and mechanisms of the global energy transition, driven by climate change and resource limits.",57,0.6617292165756226,academic__corporate__T3__academic_106__corporate_0,1
T3,"Sustainable products, services and consumption",corporate_T3::corporate_T3_S000,corporate_T3,corporate_T3_S000,ESG and Stakeholder Pressure on Emissions and Consumption,41,academic_T3::academic_T3_S216,academic,academic_T3,academic_T3_S216,Evolution of Municipal Governance and Participation in Sustainability,"The micro-topic traces the evolution of municipal engagement with sustainability, moving from early regional planning frameworks to intense focus on participatory mechanisms, followed by a shift towards technical measurement, financial resilience, and administrative integration of sustainability goals.",57,0.6205427646636963,academic__corporate__T3__academic_107__corporate_0,1
T3,"Sustainable products, services and consumption",corporate_T3::corporate_T3_S000,corporate_T3,corporate_T3_S000,ESG and Stakeholder Pressure on Emissions and Consumption,41,academic_T3::academic_T3_S208,academic,academic_T3,academic_T3_S208,Life Cycle Assessment and GHG Footprinting Evolution,"The micro-topic tracks the evolution of applying Life Cycle Assessment (LCA) and Greenhouse Gas (GHG) accounting to quantify carbon footprints across various industrial and systemic contexts, moving from initial practical applications to highly technical, broad methodological reviews and advanced computational modeling.",57,0.6729937791824341,academic__corporate__T3__academic_104__corporate_0,3
T3,"Sustainable products, services and consumption",corporate_T3::corporate_T3_S000,corporate_T3,corporate_T3_S000,ESG and Stakeholder Pressure on Emissions and Consumption,41,academic_T3::academic_T3_S217,academic,academic_T3,academic_T3_S217,Islamic Finance Instruments for SDGs,"The micro-topic tracks the evolution of integrating Islamic financial instruments (Sukuk, Takaful, Microfinance) with the Sustainable Development Goals (SDGs) across various stages of conceptualization, application, and refinement.",56,0.6501429080963135,academic__corporate__T3__academic_108__corporate_0,2
T3,"Sustainable products, services and consumption",corporate_T3::corporate_T3_S009,corporate_T3,corporate_T3_S009,Sustainable Manufacturing and Energy Transition,6,academic_T3::academic_T3_S219,academic,academic_T3,academic_T3_S219,AI in Personalized Marketing for Sustainable Outcomes,"The micro-topic tracks the evolution of AI's role in marketing, shifting from theoretical ethical debates to practical applications in driving sustainable and mindful consumer behavior through personalization and advanced analytics.",53,0.6422539949417114,academic__corporate__T3__academic_109__corporate_6,4
T3,"Sustainable products, services and consumption",corporate_T3::corporate_T3_S000,corporate_T3,corporate_T3_S000,ESG and Stakeholder Pressure on Emissions and Consumption,41,academic_T3::academic_T3_S220,academic,academic_T3,academic_T3_S220,Evolution of Green Intellectual Capital (GIC) and Intangible Assets in Sustainability,"The micro-topic traces the conceptualization and methodological application of intangible assets, evolving from early concepts of intellectual capital related to sustainability to a highly focused examination of Green Intellectual Capital (GIC) and its drivers across various industries and geographical contexts.",53,0.6446778774261475,academic__corporate__T3__academic_110__corporate_0,2
T3,"Sustainable products, services and consumption",corporate_T3::corporate_T3_S002,corporate_T3,corporate_T3_S002,Consumer Market Dynamics and Competitive Pressure,18,academic_T3::academic_T3_S227,academic,academic_T3,academic_T3_S227,Evolution of GI Focus: From Theory to Global Sustainability,"The micro-topic evolved from initial theoretical comparisons of GIs in agricultural systems to a sustained focus on GI's role in sustainability, market differentiation, and global policy frameworks, eventually broadening to include tourism and handicraft contexts.",52,0.6286977529525757,academic__corporate__T3__academic_113__corporate_2,1
T3,"Sustainable products, services and consumption",corporate_T3::corporate_T3_S002,corporate_T3,corporate_T3_S002,Consumer Market Dynamics and Competitive Pressure,18,academic_T3::academic_T3_S201,academic,academic_T3,academic_T3_S201,Consumer Willingness to Pay for Sustainable Horticultural Products,"The micro-topic tracked the evolution of research focusing on consumer willingness to pay (WTP) and attitudes towards sustainable practices within the horticultural and floricultural industries, shifting focus from general plant production to specific applications like lawns, florals, and packaging.",50,0.6473751068115234,academic__corporate__T3__academic_101__corporate_2,4
T3,"Sustainable products, services and consumption",corporate_T3::corporate_T3_S009,corporate_T3,corporate_T3_S009,Sustainable Manufacturing and Energy Transition,6,academic_T3::academic_T3_S226,academic,academic_T3,academic_T3_S226,Multi-Criteria Decision Making for Sustainable Material Selection,"The micro-topic tracks the evolution of applying structured decision-making methods (like AHP and TOPSIS) to the selection and evaluation of sustainable building materials across various technical domains, from initial design criteria to specific structural and environmental applications.",50,0.6264306902885437,academic__corporate__T3__academic_112__corporate_6,2
T3,"Sustainable products, services and consumption",corporate_T3::corporate_T3_S000,corporate_T3,corporate_T3_S000,ESG and Stakeholder Pressure on Emissions and Consumption,41,media_T3::media_T3_S000,media,media_T3,media_T3_S000,Sustainable Consumption and Environmental Impact,"The micro-topic tracks the evolution of sustainability discourse from broad environmental protection and corporate risk assessment to highly specific focuses on sustainable design, material science, and consumer action, with a recurring tension between systemic critique and technological/design solutions.",7263,0.6927490234375,media__corporate__T3__media_0__corporate_0,3
T3,"Sustainable products, services and consumption",corporate_T3::corporate_T3_S000,corporate_T3,corporate_T3_S000,ESG and Stakeholder Pressure on Emissions and Consumption,41,media_T3::media_T3_S002,media,media_T3,media_T3_S002,Community Building and Expert Contribution in Sustainability,"The micro-topic evolved from early, specific validations of sustainable practices to a sustained focus on community building, professional engagement, and calls to action, before narrowing again to specific geographical contributions.",130,0.6674120426177979,media__corporate__T3__media_2__corporate_0,1
T4,"Climate strategy, carbon governance and disclosure",corporate_T4::corporate_T4_PG01,corporate_T4,corporate_T4_PG01,GHG Emissions Regulation and Risk Management,2377,academic_T4::academic_T4_PG01,academic,academic_T4,academic_T4_PG01,Evolution of CSR/ESG Disclosure and Stakeholder Reporting,"The micro-topic tracks the evolution of corporate disclosures concerning sustainability, moving from early conceptualizations of accountability and verification to a highly formalized focus on global standards (like ISSB/IFRS) and the empirical impact of ESG disclosures on financial outcomes and stakeholder trust.",6230,0.6473539471626282,academic__corporate__T4__academic_0__corporate_0,2
T4,"Climate strategy, carbon governance and disclosure",corporate_T4::corporate_T4_PG01,corporate_T4,corporate_T4_PG01,GHG Emissions Regulation and Risk Management,2377,academic_T4::academic_T4_PG06,academic,academic_T4,academic_T4_PG06,Pedagogical Evolution of Participatory Sustainability Education,"The micro-topic traces the evolution of participatory educational frameworks across sustainability challenges, moving from early governance concerns to highly integrated, action-oriented pedagogical models focused on SDGs and global competencies.",1210,0.4904970526695251,academic__corporate__T4__academic_7__corporate_0,0
T4,"Climate strategy, carbon governance and disclosure",corporate_T4::corporate_T4_PG01,corporate_T4,corporate_T4_PG01,GHG Emissions Regulation and Risk Management,2377,academic_T4::academic_T4_PG02,academic,academic_T4,academic_T4_PG02,"Econometric Linkages of Emissions, GDP, and Economic Structure","The micro-topic tracks the evolution of econometric studies linking economic variables (GDP, industrial structure, urbanization) to carbon emissions across various global contexts, with a strong later focus on Chinese policy implementation.",1153,0.6378868818283081,academic__corporate__T4__academic_2__corporate_0,1
T4,"Climate strategy, carbon governance and disclosure",corporate_T4::corporate_T4_PG01,corporate_T4,corporate_T4_PG01,GHG Emissions Regulation and Risk Management,2377,academic_T4::academic_T4_S007,academic,academic_T4,academic_T4_S007,Evolution of Transboundary Water Governance and Management Paradigms,"The micro-topic traces a trajectory from early concerns with sustainability and power imbalances in water access to a mature focus on complex, multi-scalar governance frameworks, heavily emphasizing participatory methods, IWRM adoption, and the critical examination of existing institutional paradigms in transboundary river basins.",373,0.5096710324287415,academic__corporate__T4__academic_5__corporate_0,0
T4,"Climate strategy, carbon governance and disclosure",corporate_T4::corporate_T4_PG01,corporate_T4,corporate_T4_PG01,GHG Emissions Regulation and Risk Management,2377,academic_T4::academic_T4_S009,academic,academic_T4,academic_T4_S009,Evolution of Urban Governance and Municipal Action,"The micro-topic tracks the evolution of governance concepts in urbanism, moving from early focuses on infrastructure financing and elite management to later, more nuanced examinations of multi-level governance, informality, and the tension between local agency and global/national policy frameworks.",348,0.5614991188049316,academic__corporate__T4__academic_6__corporate_0,0
T4,"Climate strategy, carbon governance and disclosure",corporate_T4::corporate_T4_PG01,corporate_T4,corporate_T4_PG01,GHG Emissions Regulation and Risk Management,2377,academic_T4::academic_T4_S013,academic,academic_T4,academic_T4_S013,Evolution of Global Development Goals and Governance,"This micro-topic tracks the evolution of global development frameworks, specifically charting the transition from the Millennium Development Goals (MDGs) to the Sustainable Development Goals (SDGs), while consistently analyzing the role of international governance, policy diffusion, and implementation challenges across various geopolitical contexts.",314,0.5189862847328186,academic__corporate__T4__academic_9__corporate_0,0
T4,"Climate strategy, carbon governance and disclosure",corporate_T4::corporate_T4_PG01,corporate_T4,corporate_T4_PG01,GHG Emissions Regulation and Risk Management,2377,academic_T4::academic_T4_S012,academic,academic_T4,academic_T4_S012,Sustainable Supply Chain Coordination and Mechanism Design in Circular Economies,"The micro-topic evolved from early theoretical modeling of procurement equilibria to a highly focused investigation on designing incentive contracts and mechanisms to drive sustainability, particularly within the context of remanufacturing and complex supply chain coordination involving retailers and suppliers.",313,0.6105745434761047,academic__corporate__T4__academic_8__corporate_0,1
T4,"Climate strategy, carbon governance and disclosure",corporate_T4::corporate_T4_PG01,corporate_T4,corporate_T4_PG01,GHG Emissions Regulation and Risk Management,2377,academic_T4::academic_T4_S014,academic,academic_T4,academic_T4_S014,Evolution of Green Bond Finance Mechanisms,"The micro-topic tracks the evolution of green finance, moving from early theoretical tensions between finance and environment to a highly technical focus on bond mechanisms, standards, and institutional drivers across various geographies.",307,0.63387531042099,academic__corporate__T4__academic_10__corporate_0,1
T4,"Climate strategy, carbon governance and disclosure",corporate_T4::corporate_T4_PG01,corporate_T4,corporate_T4_PG01,GHG Emissions Regulation and Risk Management,2377,academic_T4::academic_T4_S015,academic,academic_T4,academic_T4_S015,Evolution of Carbon Pricing Mechanisms,"The micro-topic tracks the evolution of theoretical and applied debates on using market-based instruments, primarily carbon taxes and subsidies, to manage environmental externalities and achieve sustainable development goals across various economic contexts.",254,0.5982843637466431,academic__corporate__T4__academic_11__corporate_0,0
T4,"Climate strategy, carbon governance and disclosure",corporate_T4::corporate_T4_PG01,corporate_T4,corporate_T4_PG01,GHG Emissions Regulation and Risk Management,2377,academic_T4::academic_T4_PG09,academic,academic_T4,academic_T4_PG09,CDM Mechanism Evolution and Critique,The micro-topic tracks the evolution of the Clean Development Mechanism (CDM) from its initial structural debates under Kyoto to a critical assessment of its role in modern climate finance and sustainable development.,164,0.6370699405670166,academic__corporate__T4__academic_18__corporate_0,1
T4,"Climate strategy, carbon governance and disclosure",corporate_T4::corporate_T4_PG01,corporate_T4,corporate_T4_PG01,GHG Emissions Regulation and Risk Management,2377,academic_T4::academic_T4_S023,academic,academic_T4,academic_T4_S023,Evolution of Participatory Governance in Digital/Smart Cities,"The micro-topic traces the evolution of governance concepts from early digital transitions to highly complex, participatory, and sustainable smart city frameworks, emphasizing the interplay between technology, infrastructure, and societal engagement.",158,0.5407516956329346,academic__corporate__T4__academic_15__corporate_0,0
T4,"Climate strategy, carbon governance and disclosure",corporate_T4::corporate_T4_PG01,corporate_T4,corporate_T4_PG01,GHG Emissions Regulation and Risk Management,2377,academic_T4::academic_T4_S039,academic,academic_T4,academic_T4_S039,Crisis Governance Evolution,"The micro-topic tracks the evolution of governance discourse surrounding global crises, moving from specific policy interfaces to broad critiques of global structures, then focusing on adaptive mechanisms, and finally on integrated, multi-faceted systemic risks.",88,0.573474645614624,academic__corporate__T4__academic_22__corporate_0,0
T4,"Climate strategy, carbon governance and disclosure",corporate_T4::corporate_T4_PG01,corporate_T4,corporate_T4_PG01,GHG Emissions Regulation and Risk Management,2377,academic_T4::academic_T4_S040,academic,academic_T4,academic_T4_S040,Evolution of Emission Prediction Modeling Techniques,"The micro-topic demonstrates a clear evolution from early, specific applications of time series models to increasingly complex and broad applications of deep learning and ensemble methods across various emission sources and policy contexts.",84,0.6223037242889404,academic__corporate__T4__academic_23__corporate_0,1
T4,"Climate strategy, carbon governance and disclosure",corporate_T4::corporate_T4_PG01,corporate_T4,corporate_T4_PG01,GHG Emissions Regulation and Risk Management,2377,academic_T4::academic_T4_S043,academic,academic_T4,academic_T4_S043,Intergenerational Climate Justice and Legal Mechanisms,"The micro-topic tracks the evolution of intergenerational climate justice through the lens of international and domestic legal frameworks, moving from early focus on specific vulnerabilities to a mature focus on judicial enforceability and international court mechanisms.",72,0.6138318181037903,academic__corporate__T4__academic_26__corporate_0,1
T4,"Climate strategy, carbon governance and disclosure",corporate_T4::corporate_T4_PG01,corporate_T4,corporate_T4_PG01,GHG Emissions Regulation and Risk Management,2377,academic_T4::academic_T4_S056,academic,academic_T4,academic_T4_S056,Critical Minerals in Energy Transition,"The micro-topic tracks the evolving discourse on the critical role of minerals and metals in enabling the global energy transition, shifting from early focus on specific elements to broad geopolitical and sustainability assessments.",52,0.5700978636741638,academic__corporate__T4__academic_30__corporate_0,0
T4,"Climate strategy, carbon governance and disclosure",corporate_T4::corporate_T4_PG01,corporate_T4,corporate_T4_PG01,GHG Emissions Regulation and Risk Management,2377,academic_T4::academic_T4_S054,academic,academic_T4,academic_T4_S054,AI's Role in Global Governance and Sustainable Development,"The micro-topic tracks the evolution of AI's role in global governance, moving from early debates on decentralized digital structures to prescriptive frameworks, and finally settling on a focus on collaborative, human-rights-centered governance models to meet complex global challenges like climate change and SDGs.",50,0.5525830388069153,academic__corporate__T4__academic_29__corporate_0,0
T4,"Climate strategy, carbon governance and disclosure",corporate_T4::corporate_T4_PG01,corporate_T4,corporate_T4_PG01,GHG Emissions Regulation and Risk Management,2377,media_T4::media_T4_PG01,media,media_T4,media_T4_PG01,Climate Policy Evolution: From Treaties to National Strategy,"The micro-topic tracks the evolution of climate discourse from early international treaty negotiations (Kyoto) through various COP cycles, eventually shifting focus heavily towards national policy implementation, market mechanisms, and domestic political debates in Australia.",1802,0.5830353498458862,media__corporate__T4__media_0__corporate_0,0
T5,"Climate risk, adaptation and resilience",corporate_T5::corporate_T5_PG01,corporate_T5,corporate_T5_PG01,Operational Hazards and Liability Management,2397,academic_T5::academic_T5_PG04,academic,academic_T5,academic_T5_PG04,Integrated Participatory Urban Resilience and Sustainable Development,"The micro-topic traces an evolution from theoretical complexity in planning to a highly integrated, action-oriented focus on participatory methods, resilience, and sustainability across various urban scales, culminating in an emphasis on ethical and transformative design.",1224,0.5008276700973511,academic__corporate__T5__academic_3__corporate_0,0
T5,"Climate risk, adaptation and resilience",corporate_T5::corporate_T5_PG01,corporate_T5,corporate_T5_PG01,Operational Hazards and Liability Management,2397,academic_T5::academic_T5_PG07,academic,academic_T5,academic_T5_PG07,Pollution and Climate Health Nexus,"The micro-topic tracks the evolution of research linking environmental pollutants and emissions to human health outcomes, transitioning from localized haze/indoor air quality concerns to broad, integrated global climate change and air quality assessments, with a strong, sustained focus on aviation's role.",661,0.668115496635437,academic__corporate__T5__academic_7__corporate_0,1
T5,"Climate risk, adaptation and resilience",corporate_T5::corporate_T5_PG01,corporate_T5,corporate_T5_PG01,Operational Hazards and Liability Management,2397,academic_T5::academic_T5_PG11,academic,academic_T5,academic_T5_PG11,Disaster Preparedness Evolution,"The micro-topic traces a clear evolution from early, specific disaster response assessments (earthquakes, bioterrorism) to highly complex, systemic, and interdisciplinary frameworks focusing on resilience, education, and multi-agency collaboration across various hazard types.",542,0.5658063888549805,academic__corporate__T5__academic_16__corporate_0,0
T5,"Climate risk, adaptation and resilience",corporate_T5::corporate_T5_PG01,corporate_T5,corporate_T5_PG01,Operational Hazards and Liability Management,2397,academic_T5::academic_T5_PG10,academic,academic_T5,academic_T5_PG10,Macroprudential Liquidity Volatility and Fintech,"The micro-topic initially focused on risk mitigation in developing economies (agriculture/microfinance) before undergoing a significant thematic shift towards quantitative financial modeling, climate change risk integration into financial regulation, and the application of macroprudential tools to systemic financial stability.",330,0.6587041020393372,academic__corporate__T5__academic_15__corporate_0,1
T5,"Climate risk, adaptation and resilience",corporate_T5::corporate_T5_PG01,corporate_T5,corporate_T5_PG01,Operational Hazards and Liability Management,2397,academic_T5::academic_T5_PG14,academic,academic_T5,academic_T5_PG14,Climate Resilience in Built Environments,"The micro-topic tracks the evolution of concerns regarding climate change adaptation, resilience, and sustainability integration across infrastructure, buildings, and urban planning, moving from early policy discussions to highly technical, multi-climatic design applications.",132,0.6028424501419067,academic__corporate__T5__academic_20__corporate_0,1
T5,"Climate risk, adaptation and resilience",corporate_T5::corporate_T5_PG01,corporate_T5,corporate_T5_PG01,Operational Hazards and Liability Management,2397,academic_T5::academic_T5_S043,academic,academic_T5,academic_T5_S043,Interconnected Global Crises and Pandemic Impacts,"The micro-topic tracks the evolving academic focus on pandemics as a nexus point interacting with climate change, socio-economic fragility, geopolitical instability, and global development goals across the years.",111,0.622553288936615,academic__corporate__T5__academic_23__corporate_0,1
T5,"Climate risk, adaptation and resilience",corporate_T5::corporate_T5_PG01,corporate_T5,corporate_T5_PG01,Operational Hazards and Liability Management,2397,academic_T5::academic_T5_S054,academic,academic_T5,academic_T5_S054,Evolution of Organizational Resilience and Adaptive Capabilities,"The micro-topic traces the evolution of organizational resilience from early strategic planning concepts to a highly formalized focus on adaptive capabilities in response to complex, global disruptions, integrating governance, sustainability, and agile methodologies.",90,0.6173584461212158,academic__corporate__T5__academic_28__corporate_0,1
T5,"Climate risk, adaptation and resilience",corporate_T5::corporate_T5_PG01,corporate_T5,corporate_T5_PG01,Operational Hazards and Liability Management,2397,academic_T5::academic_T5_S060,academic,academic_T5,academic_T5_S060,Logistics Resiliency and SCM Disruption,"The micro-topic evolved from an initial focus on integrating energy efficiency into SCM theory (2010) to a sustained, highly quantitative focus on designing and measuring supply chain resilience against complex, multi-faceted disruptions across various industries, culminating in advanced modeling techniques.",73,0.6775866746902466,academic__corporate__T5__academic_32__corporate_0,1
T6,"Ecosystems, pollution, and environmental stewardship",corporate_T6::corporate_T6_S002,corporate_T6,corporate_T6_S002,Regulatory Impact of Endangered Species Habitat Protection,227,academic_T6::academic_T6_PG03,academic,academic_T6,academic_T6_PG03,Biodiversity Crisis and Anthropocene Governance,"The micro-topic tracks the evolution of biodiversity concerns from early publication/valuation challenges through to complex, globally integrated frameworks emphasizing indigenous knowledge, ecosystem services, and the Anthropocene context.",3095,0.580802321434021,academic__corporate__T6__academic_2__corporate_1,0
T6,"Ecosystems, pollution, and environmental stewardship",corporate_T6::corporate_T6_PG01,corporate_T6,corporate_T6_PG01,Environmental Liability and Regulatory Compliance Burden,4037,academic_T6::academic_T6_PG09,academic,academic_T6,academic_T6_PG09,Soil Contaminant Management via Phytoremediation and Geochemical Assessment,"The micro-topic tracks the evolution of research focusing on soil quality, contamination, and remediation efforts, shifting from broad agricultural land use impacts to increasingly specific investigations into heavy metal contamination and the application of phytoremediation techniques.",1219,0.5757967829704285,academic__corporate__T6__academic_11__corporate_0,0
T6,"Ecosystems, pollution, and environmental stewardship",corporate_T6::corporate_T6_S002,corporate_T6,corporate_T6_S002,Regulatory Impact of Endangered Species Habitat Protection,227,academic_T6::academic_T6_PG05,academic,academic_T6,academic_T6_PG05,Eutrophication and Catchment Ecosystem Dynamics,"The micro-topic evolved from early focuses on specific regional restoration efforts (Everglades, stream bioassessment) to a broad integration of ecohydrology principles across catchments. Later phases increasingly emphasized the systemic challenges of eutrophication and habitat integrity within these freshwater systems, while also incorporating advanced monitoring and management techniques.",946,0.615401029586792,academic__corporate__T6__academic_5__corporate_1,1
T6,"Ecosystems, pollution, and environmental stewardship",corporate_T6::corporate_T6_PG01,corporate_T6,corporate_T6_PG01,Environmental Liability and Regulatory Compliance Burden,4037,academic_T6::academic_T6_PG10,academic,academic_T6,academic_T6_PG10,Evolution of Compliance and Governance Mechanisms in Corporate Sustainability,"The micro-topic tracks the evolution of CSR, ESG, compliance, and governance concepts, moving from early focus on implementation mechanisms (EMS, voluntary reports) to later emphasis on the effectiveness of EIA, regulatory pressure, and integrated governance frameworks.",492,0.6123054623603821,academic__corporate__T6__academic_12__corporate_0,1
T6,"Ecosystems, pollution, and environmental stewardship",corporate_T6::corporate_T6_PG01,corporate_T6,corporate_T6_PG01,Environmental Liability and Regulatory Compliance Burden,4037,academic_T6::academic_T6_PG19,academic,academic_T6,academic_T6_PG19,Tailings Reclamation and Governance in Indonesian Mining Contexts,"The micro-topic tracks the evolution of environmental concerns in mining, shifting from early focus on general pollution and rehabilitation to increasingly specific attention on tailings management, culminating in a strong focus on governance and bauxite reclamation in Kalimantan.",474,0.5485252141952515,academic__corporate__T6__academic_16__corporate_0,0
T6,"Ecosystems, pollution, and environmental stewardship",corporate_T6::corporate_T6_PG01,corporate_T6,corporate_T6_PG01,Environmental Liability and Regulatory Compliance Burden,4037,academic_T6::academic_T6_S021,academic,academic_T6,academic_T6_S021,Maritime Environmental Compliance and Port Sustainability,"The micro-topic tracks the evolution of environmental concerns in maritime transport, shifting from early focuses on port pollution and engineering solutions to a sustained emphasis on GHG emissions, regulatory compliance (MARPOL), and the role of ports in achieving overall maritime sustainability.",315,0.5903077125549316,academic__corporate__T6__academic_14__corporate_0,0
T6,"Ecosystems, pollution, and environmental stewardship",corporate_T6::corporate_T6_PG01,corporate_T6,corporate_T6_PG01,Environmental Liability and Regulatory Compliance Burden,4037,academic_T6::academic_T6_S022,academic,academic_T6,academic_T6_S022,Juridical Frameworks and Judicial Enforcement in Environmental Law,The micro-topic traces the evolution of environmental jurisprudence from early theoretical debates on precautionary principles and liability to a mature focus on the role of national and international judiciaries in enforcing complex environmental laws against pollution and degradation.,308,0.5336707830429077,academic__corporate__T6__academic_15__corporate_0,0
T6,"Ecosystems, pollution, and environmental stewardship",corporate_T6::corporate_T6_PG01,corporate_T6,corporate_T6_PG01,Environmental Liability and Regulatory Compliance Burden,4037,academic_T6::academic_T6_S031,academic,academic_T6,academic_T6_S031,Evolution of Environmental Legislation Focus: From General Planning to Ukrainian Governance,"The micro-topic initially focused on integrating ecological concerns into general planning and settlement development across various contexts. It then showed a strong, though sometimes contested, movement towards specific regional applications in Russia before increasingly centering on the legislative and governance challenges within Ukraine. The later years solidify this focus on Ukrainian legislative reform, while some years show a strong pull back towards Russian policy implementation issues.",239,0.6071212291717529,academic__corporate__T6__academic_20__corporate_0,1
T6,"Ecosystems, pollution, and environmental stewardship",corporate_T6::corporate_T6_PG01,corporate_T6,corporate_T6_PG01,Environmental Liability and Regulatory Compliance Burden,4037,academic_T6::academic_T6_S045,academic,academic_T6,academic_T6_S045,Air Pollution Monitoring and Mitigation Technologies,"The micro-topic traces the evolution of air pollution research from early case studies on specific pollution sources (like road traffic and industrial emissions) to a highly integrated focus on advanced sensing technologies, geospatial modeling, and the application of AI/analytics for comprehensive environmental protection.",188,0.5614926815032959,academic__corporate__T6__academic_28__corporate_0,0
T6,"Ecosystems, pollution, and environmental stewardship",corporate_T6::corporate_T6_PG01,corporate_T6,corporate_T6_PG01,Environmental Liability and Regulatory Compliance Burden,4037,academic_T6::academic_T6_S099,academic,academic_T6,academic_T6_S099,Biodiversity Reporting and Corporate Accountability Evolution,"The micro-topic tracks the evolution of biodiversity concerns within corporate sustainability discourse, moving from early theoretical applications in specific industries to advanced critiques of reporting frameworks and the necessity of paradigm shifts like ecopedagogy.",58,0.5511267185211182,academic__corporate__T6__academic_38__corporate_0,0
T6,"Ecosystems, pollution, and environmental stewardship",corporate_T6::corporate_T6_PG01,corporate_T6,corporate_T6_PG01,Environmental Liability and Regulatory Compliance Burden,4037,academic_T6::academic_T6_S107,academic,academic_T6,academic_T6_S107,Coastal Eco-Pollution Dynamics in China,"The micro-topic tracked the evolution of research on coastal ecosystem health, moving from theoretical modeling of carrying capacity to detailed analyses of pollution, economic coupling, and regional management strategies across various Chinese coasts.",55,0.5295063853263855,academic__corporate__T6__academic_41__corporate_0,0
T6,"Ecosystems, pollution, and environmental stewardship",corporate_T6::corporate_T6_S002,corporate_T6,corporate_T6_S002,Regulatory Impact of Endangered Species Habitat Protection,227,academic_T6::academic_T6_S106,academic,academic_T6,academic_T6_S106,Petroleum Pollution and Environmental Degradation in Nigeria,"The micro-topic tracks the evolution of environmental concerns related to petroleum activities in Nigeria, moving from broad ecological degradation to specific focuses on remediation, regulatory failures, spill impacts, and livelihood consequences across various Nigerian contexts.",53,0.5918565988540649,academic__corporate__T6__academic_40__corporate_1,0
T6,"Ecosystems, pollution, and environmental stewardship",corporate_T6::corporate_T6_S002,corporate_T6,corporate_T6_S002,Regulatory Impact of Endangered Species Habitat Protection,227,media_T6::media_T6_S000,media,media_T6,media_T6_S000,"Biodiversity, Sustainability, and Deforestation","The micro-topic tracks the evolution of concerns around biodiversity, sustainability, and deforestation, moving from early focuses on land degradation and agricultural practices to increasingly complex discussions involving international policy, habitat restoration, and the tension between industry and conservation.",1322,0.6060808300971985,media__corporate__T6__media_0__corporate_1,1
