relation_id,macro_topic,macro_topic_name,corporate_topic_label,external_source,external_relation_label,external_topic_label,external_final_merge_group_id,corporate_unique_document_count,external_unique_document_count,spearman_r,spearman_p,corporate_first_active_year,external_first_active_year,first_active_year_gap,corporate_peak_year,external_peak_year,peak_year_gap,peak_analysis_result,external_prior_exposure_3y_sum,external_prior_exposure_3y_mean,corporate_onset_prevalence,corporate_following_3y_max_prevalence,corporate_later_growth_3y,prior_exposure_later_growth_pattern
individual::0001,T1,Clean energy transition,Energy Supply Chain Vulnerabilities in Mining,media,"Subsidies, Affordability, and Regulatory Scrutiny of Energy Costs","Subsidies, Affordability, and Regulatory Scrutiny of Energy Costs",media_T1_S007,47,78,-0.0561006307060838,0.7993061533453917,2008,2004,4.0,2025,2022,3.0,External peaks before corporate (corporate peak: 2025; external peak: 2022; gap: 3),0.04,0.0133333333333333,0.0769230769230769,0.1666666666666666,0.0897435897435897,external_prior_exposure_with_later_corporate_growth
individual::0002,T1,Clean energy transition,Evolution of Demand Drivers in Energy Transition,academic,Agrivoltaics Technology Evolution,Agrivoltaics Technology Evolution,academic_T1_PG09,63,304,0.6803300045614836,0.0003541038918584,2007,2009,-2.0,2023,2009,14.0,External peaks before corporate (corporate peak: 2023; external peak: 2009; gap: 14),0.0,0.0,0.1666666666666666,0.0769230769230769,-0.0897435897435897,no_prior_external_exposure_no_later_corporate_growth
individual::0003,T1,Clean energy transition,Evolution of Demand Drivers in Energy Transition,academic,Bibliometric Analysis of Energy and Sustainability Trends,Bibliometric Analysis of Energy and Sustainability Trends,academic_T1_S084,63,65,0.5579864067375488,0.0056616163433007,2007,2014,-7.0,2023,2025,-2.0,Corporate peaks before external (corporate peak: 2023; external peak: 2025; gap: -2),0.0,0.0,0.1666666666666666,0.0769230769230769,-0.0897435897435897,no_prior_external_exposure_no_later_corporate_growth
individual::0004,T1,Clean energy transition,Evolution of Demand Drivers in Energy Transition,academic,Biomass Energy Conversion Pathways and Sustainability Assessment,Biomass Energy Conversion Pathways and Sustainability Assessment,academic_T1_S004,63,908,-0.7211508333975658,0.0001032885570552,2007,2000,7.0,2023,2012,11.0,External peaks before corporate (corporate peak: 2023; external peak: 2012; gap: 11),0.2885964912280702,0.0961988304093567,0.1666666666666666,0.0769230769230769,-0.0897435897435897,external_prior_exposure_without_later_corporate_growth
individual::0005,T1,Clean energy transition,Evolution of Demand Drivers in Energy Transition,academic,Central Asian Energy Transition and Water Security,Central Asian Energy Transition and Water Security,academic_T1_S080,63,74,0.4503806864689442,0.0310366239112614,2007,2010,-3.0,2023,2010,13.0,External peaks before corporate (corporate peak: 2023; external peak: 2010; gap: 13),0.0,0.0,0.1666666666666666,0.0769230769230769,-0.0897435897435897,no_prior_external_exposure_no_later_corporate_growth
individual::0006,T1,Clean energy transition,Evolution of Demand Drivers in Energy Transition,academic,China's Low-Carbon Energy Transition and Regional Focus,China's Low-Carbon Energy Transition and Regional Focus,academic_T1_PG08,63,465,-0.4471236097902332,0.032426461352263,2007,2004,3.0,2023,2007,16.0,External peaks before corporate (corporate peak: 2023; external peak: 2007; gap: 16),0.1279824561403508,0.0426608187134502,0.1666666666666666,0.0769230769230769,-0.0897435897435897,external_prior_exposure_without_later_corporate_growth
individual::0007,T1,Clean energy transition,Evolution of Demand Drivers in Energy Transition,academic,Cointegration and Econometric Analysis of Energy-Economy Nexus,Cointegration and Econometric Analysis of Energy-Economy Nexus,academic_T1_S009,63,381,0.7437242967233566,4.753392173953586e-05,2007,2011,-4.0,2023,2025,-2.0,Corporate peaks before external (corporate peak: 2023; external peak: 2025; gap: -2),0.0,0.0,0.1666666666666666,0.0769230769230769,-0.0897435897435897,no_prior_external_exposure_no_later_corporate_growth
individual::0008,T1,Clean energy transition,Evolution of Demand Drivers in Energy Transition,academic,EU Energy Transition Monitoring and Policy Implementation,EU Energy Transition Monitoring and Policy Implementation,academic_T1_S072,63,87,0.0203629987593236,0.926522699518838,2007,2005,2.0,2023,2005,18.0,External peaks before corporate (corporate peak: 2023; external peak: 2005; gap: 18),0.0263157894736842,0.0087719298245614,0.1666666666666666,0.0769230769230769,-0.0897435897435897,external_prior_exposure_without_later_corporate_growth
individual::0009,T1,Clean energy transition,Evolution of Demand Drivers in Energy Transition,academic,Evolution of Bioenergy and Energy Transition in Ukraine,Evolution of Bioenergy and Energy Transition in Ukraine,academic_T1_S019,63,237,0.7419426460185635,5.067964674586282e-05,2007,2001,6.0,2023,2001,22.0,External peaks before corporate (corporate peak: 2023; external peak: 2001; gap: 22),0.0,0.0,0.1666666666666666,0.0769230769230769,-0.0897435897435897,no_prior_external_exposure_no_later_corporate_growth
individual::0010,T1,Clean energy transition,Evolution of Demand Drivers in Energy Transition,academic,Evolution of Electrification Strategies in Africa towards SDG Goals,Evolution of Electrification Strategies in Africa towards SDG Goals,academic_T1_S005,63,783,-0.5394753260335884,0.0078915300413791,2007,2000,7.0,2023,2003,20.0,External peaks before corporate (corporate peak: 2023; external peak: 2003; gap: 20),0.2685964912280701,0.08953216374269,0.1666666666666666,0.0769230769230769,-0.0897435897435897,external_prior_exposure_without_later_corporate_growth
individual::0011,T1,Clean energy transition,Evolution of Demand Drivers in Energy Transition,academic,Evolution of Electrochemical Energy Storage Materials,Evolution of Electrochemical Energy Storage Materials,academic_T1_PG01,63,6632,0.4612539270296537,0.0267362312166439,2007,2000,7.0,2023,2023,0.0,Synchronous peak (corporate peak: 2023; external peak: 2023; gap: 0),0.5125438596491227,0.1708479532163742,0.1666666666666666,0.0769230769230769,-0.0897435897435897,external_prior_exposure_without_later_corporate_growth
individual::0012,T1,Clean energy transition,Evolution of Demand Drivers in Energy Transition,academic,Evolution of Net Zero Energy Building Concepts,Evolution of Net Zero Energy Building Concepts,academic_T1_S075,63,87,0.1350570013993779,0.5389406827840026,2007,2004,3.0,2023,2004,19.0,External peaks before corporate (corporate peak: 2023; external peak: 2004; gap: 19),0.0416666666666666,0.0138888888888888,0.1666666666666666,0.0769230769230769,-0.0897435897435897,external_prior_exposure_without_later_corporate_growth
individual::0013,T1,Clean energy transition,Evolution of Demand Drivers in Energy Transition,academic,Evolution of Participatory Stakeholder Engagement in Energy Transitions,Evolution of Participatory Stakeholder Engagement in Energy Transitions,academic_T1_PG04,63,3525,-0.8003815407757449,4.526255984184241e-06,2007,2000,7.0,2023,2003,20.0,External peaks before corporate (corporate peak: 2023; external peak: 2003; gap: 20),1.0337719298245616,0.3445906432748538,0.1666666666666666,0.0769230769230769,-0.0897435897435897,external_prior_exposure_without_later_corporate_growth
individual::0014,T1,Clean energy transition,Evolution of Demand Drivers in Energy Transition,academic,Fintech and Sustainable Energy Financing Mechanisms,Fintech and Sustainable Energy Financing Mechanisms,academic_T1_S090,63,56,0.2351820100249659,0.2800366653997971,2007,2010,-3.0,2023,2010,13.0,External peaks before corporate (corporate peak: 2023; external peak: 2010; gap: 13),0.0,0.0,0.1666666666666666,0.0769230769230769,-0.0897435897435897,no_prior_external_exposure_no_later_corporate_growth
individual::0015,T1,Clean energy transition,Evolution of Demand Drivers in Energy Transition,academic,Fusion and Advanced Reactor Trajectories,Fusion and Advanced Reactor Trajectories,academic_T1_S058,63,119,-0.2374221908825853,0.2753474140987299,2007,2001,6.0,2023,2004,19.0,External peaks before corporate (corporate peak: 2023; external peak: 2004; gap: 19),0.1976315789473684,0.0658771929824561,0.1666666666666666,0.0769230769230769,-0.0897435897435897,external_prior_exposure_without_later_corporate_growth
individual::0016,T1,Clean energy transition,Evolution of Demand Drivers in Energy Transition,academic,Geothermal Resource Assessment and Application in Subsurface Systems,Geothermal Resource Assessment and Application in Subsurface Systems,academic_T1_S031,63,178,0.0083703304668936,0.9697637629318334,2007,2006,1.0,2023,2011,12.0,External peaks before corporate (corporate peak: 2023; external peak: 2011; gap: 12),0.02,0.0066666666666666,0.1666666666666666,0.0769230769230769,-0.0897435897435897,external_prior_exposure_without_later_corporate_growth
individual::0017,T1,Clean energy transition,Evolution of Demand Drivers in Energy Transition,academic,Inductive/Electromagnetic WPT for EVs,Inductive/Electromagnetic WPT for EVs,academic_T1_S041,63,160,0.8224915569155509,1.464469134667489e-06,2007,2016,-9.0,2023,2025,-2.0,Corporate peaks before external (corporate peak: 2023; external peak: 2025; gap: -2),0.0,0.0,0.1666666666666666,0.0769230769230769,-0.0897435897435897,no_prior_external_exposure_no_later_corporate_growth
individual::0018,T1,Clean energy transition,Evolution of Demand Drivers in Energy Transition,academic,Interdisciplinary STEM Education in Energy Systems,Interdisciplinary STEM Education in Energy Systems,academic_T1_S034,63,170,-0.1550985459950838,0.4797901983492638,2007,2003,4.0,2023,2003,20.0,External peaks before corporate (corporate peak: 2023; external peak: 2003; gap: 20),0.0463157894736842,0.015438596491228,0.1666666666666666,0.0769230769230769,-0.0897435897435897,external_prior_exposure_without_later_corporate_growth
individual::0019,T1,Clean energy transition,Evolution of Demand Drivers in Energy Transition,academic,MCDM Application in Energy Assessment,MCDM Application in Energy Assessment,academic_T1_S008,63,455,0.291620547592968,0.1769728665279898,2007,2004,3.0,2023,2016,7.0,External peaks before corporate (corporate peak: 2023; external peak: 2016; gap: 7),0.0416666666666666,0.0138888888888888,0.1666666666666666,0.0769230769230769,-0.0897435897435897,external_prior_exposure_without_later_corporate_growth
individual::0020,T1,Clean energy transition,Evolution of Demand Drivers in Energy Transition,academic,Oceanographic Waves and Marine Energy Technology,Oceanographic Waves and Marine Energy Technology,academic_T1_PG10,63,197,0.2139175257731959,0.3270324505044711,2007,2002,5.0,2023,2002,21.0,External peaks before corporate (corporate peak: 2023; external peak: 2002; gap: 21),0.0526315789473684,0.0175438596491228,0.1666666666666666,0.0769230769230769,-0.0897435897435897,external_prior_exposure_without_later_corporate_growth
individual::0021,T1,Clean energy transition,Evolution of Demand Drivers in Energy Transition,academic,PV-based Microgrid Development and Optimization,PV-based Microgrid Development and Optimization,academic_T1_PG05,63,953,0.6586889625438104,0.0006317491528717,2007,2005,2.0,2023,2020,3.0,External peaks before corporate (corporate peak: 2023; external peak: 2020; gap: 3),0.0663157894736842,0.0221052631578947,0.1666666666666666,0.0769230769230769,-0.0897435897435897,external_prior_exposure_without_later_corporate_growth
individual::0022,T1,Clean energy transition,Evolution of Demand Drivers in Energy Transition,academic,Piezoelectric Energy Harvesting Evolution,Piezoelectric Energy Harvesting Evolution,academic_T1_PG07,63,671,0.5563612881904103,0.0058334838355531,2007,2007,0.0,2023,2015,8.0,External peaks before corporate (corporate peak: 2023; external peak: 2015; gap: 8),0.0,0.0,0.1666666666666666,0.0769230769230769,-0.0897435897435897,no_prior_external_exposure_no_later_corporate_growth
individual::0023,T1,Clean energy transition,Evolution of Demand Drivers in Energy Transition,academic,Renewable Energy Integration in Desalination,Renewable Energy Integration in Desalination,academic_T1_S017,63,274,-0.0575875101289675,0.7940965644389658,2007,2004,3.0,2023,2010,13.0,External peaks before corporate (corporate peak: 2023; external peak: 2010; gap: 13),0.0416666666666666,0.0138888888888888,0.1666666666666666,0.0769230769230769,-0.0897435897435897,external_prior_exposure_without_later_corporate_growth
individual::0024,T1,Clean energy transition,Evolution of Demand Drivers in Energy Transition,academic,Renewable Energy Pathways and System Integration for Decarbonization,Renewable Energy Pathways and System Integration for Decarbonization,academic_T1_PG06,63,785,-0.5888245878689453,0.0031167956307461,2007,2000,7.0,2023,2000,23.0,External peaks before corporate (corporate peak: 2023; external peak: 2000; gap: 23),0.174298245614035,0.0580994152046783,0.1666666666666666,0.0769230769230769,-0.0897435897435897,external_prior_exposure_without_later_corporate_growth
individual::0025,T1,Clean energy transition,Evolution of Demand Drivers in Energy Transition,academic,Solar PV Integration and Sustainability in Brazil,Solar PV Integration and Sustainability in Brazil,academic_T1_S077,63,74,0.1988785652459189,0.3629632084035767,2007,2006,1.0,2023,2006,17.0,External peaks before corporate (corporate peak: 2023; external peak: 2006; gap: 17),0.02,0.0066666666666666,0.1666666666666666,0.0769230769230769,-0.0897435897435897,external_prior_exposure_without_later_corporate_growth
individual::0026,T1,Clean energy transition,Evolution of Demand Drivers in Energy Transition,academic,Sustainable Propulsion Transition in Aerospace and UAVs,Sustainable Propulsion Transition in Aerospace and UAVs,academic_T1_S038,63,166,0.5810458618315407,0.003643113532709,2007,2010,-3.0,2023,2020,3.0,External peaks before corporate (corporate peak: 2023; external peak: 2020; gap: 3),0.0,0.0,0.1666666666666666,0.0769230769230769,-0.0897435897435897,no_prior_external_exposure_no_later_corporate_growth
individual::0027,T1,Clean energy transition,Evolution of Demand Drivers in Energy Transition,academic,Turbine Aerodynamics and Design Evolution (HAWT/VAWT),Turbine Aerodynamics and Design Evolution (HAWT/VAWT),academic_T1_S063,63,116,0.4402158928649361,0.0355373590836384,2007,2012,-5.0,2023,2012,11.0,External peaks before corporate (corporate peak: 2023; external peak: 2012; gap: 11),0.0,0.0,0.1666666666666666,0.0769230769230769,-0.0897435897435897,no_prior_external_exposure_no_later_corporate_growth
individual::0028,T1,Clean energy transition,Evolution of Demand Drivers in Energy Transition,academic,V2G and EV Integration Evolution,V2G and EV Integration Evolution,academic_T1_PG03,63,1735,0.7484200637087409,4.0047500221339446e-05,2007,2002,5.0,2023,2024,-1.0,Corporate peaks before external (corporate peak: 2023; external peak: 2024; gap: -1),0.0,0.0,0.1666666666666666,0.0769230769230769,-0.0897435897435897,no_prior_external_exposure_no_later_corporate_growth
individual::0029,T1,Clean energy transition,Evolution of Demand Drivers in Energy Transition,media,Advanced Energy Storage Systems Evolution,Advanced Energy Storage Systems Evolution,media_T1_S006,63,64,0.3871137510145457,0.0680154656663032,2007,2007,0.0,2023,2017,6.0,External peaks before corporate (corporate peak: 2023; external peak: 2017; gap: 6),0.0,0.0,0.1666666666666666,0.0769230769230769,-0.0897435897435897,no_prior_external_exposure_no_later_corporate_growth
individual::0030,T1,Clean energy transition,Evolution of Demand Drivers in Energy Transition,media,Australian Renewable Energy Policy and Infrastructure Evolution,Australian Renewable Energy Policy and Infrastructure Evolution,media_T1_S003,63,162,0.6956304243897646,0.0002283612650016,2007,2011,-4.0,2023,2024,-1.0,Corporate peaks before external (corporate peak: 2023; external peak: 2024; gap: -1),0.0,0.0,0.1666666666666666,0.0769230769230769,-0.0897435897435897,no_prior_external_exposure_no_later_corporate_growth
individual::0031,T1,Clean energy transition,Evolution of Demand Drivers in Energy Transition,media,Evolution of Smart Energy Monitoring and Grid Integration,Evolution of Smart Energy Monitoring and Grid Integration,media_T1_S009,63,57,-0.1207809916432842,0.5830334381178466,2007,2007,0.0,2023,2010,13.0,External peaks before corporate (corporate peak: 2023; external peak: 2010; gap: 13),0.0,0.0,0.1666666666666666,0.0769230769230769,-0.0897435897435897,no_prior_external_exposure_no_later_corporate_growth
individual::0032,T1,Clean energy transition,Evolution of Demand Drivers in Energy Transition,media,Renewable Energy Transition Challenges and Policy Debates,Renewable Energy Transition Challenges and Policy Debates,media_T1_PG01,63,1093,-0.3411462304945797,0.1111470735757059,2007,2000,7.0,2023,2025,-2.0,Corporate peaks before external (corporate peak: 2023; external peak: 2025; gap: -2),2.5844444444444443,0.8614814814814814,0.1666666666666666,0.0769230769230769,-0.0897435897435897,external_prior_exposure_without_later_corporate_growth
individual::0033,T2,Operational sustainability and circular production,Commercialization Pathway of Processed Coal and Feedstocks,academic,Cellulose Nanomaterials in Paper and Composites,Cellulose Nanomaterials in Paper and Composites,academic_T2_S076,22,67,0.3259949426439601,0.1117620322096964,2007,2008,-1.0,2007,2010,-3.0,Corporate peaks before external (corporate peak: 2007; external peak: 2010; gap: -3),0.0,0.0,0.1666666666666666,0.1428571428571428,-0.0238095238095238,no_prior_external_exposure_no_later_corporate_growth
individual::0034,T2,Operational sustainability and circular production,Commercialization Pathway of Processed Coal and Feedstocks,academic,LCA Application in Biorefinery Sustainability Assessment,LCA Application in Biorefinery Sustainability Assessment,academic_T2_S010,22,379,0.3549044342206022,0.0817086188547732,2007,2003,4.0,2007,2011,-4.0,Corporate peaks before external (corporate peak: 2007; external peak: 2011; gap: -4),0.0369623655913978,0.0123207885304659,0.1666666666666666,0.1428571428571428,-0.0238095238095238,external_prior_exposure_without_later_corporate_growth
individual::0035,T2,Operational sustainability and circular production,Commercialization Pathway of Processed Coal and Feedstocks,academic,Sustainable Manufacturing Processes in Metalworking,Sustainable Manufacturing Processes in Metalworking,academic_T2_PG08,22,343,-0.1011830684155633,0.6303369422241852,2007,2003,4.0,2007,2006,1.0,External peaks before corporate (corporate peak: 2007; external peak: 2006; gap: 1),0.032258064516129,0.010752688172043,0.1666666666666666,0.1428571428571428,-0.0238095238095238,external_prior_exposure_without_later_corporate_growth
individual::0036,T2,Operational sustainability and circular production,Commercialization Pathway of Processed Coal and Feedstocks,academic,Transport Emissions and Sustainable Mobility Assessment,Transport Emissions and Sustainable Mobility Assessment,academic_T2_PG01,22,2252,0.2565246244284737,0.2157908555422389,2007,2000,7.0,2007,2014,-7.0,Corporate peaks before external (corporate peak: 2007; external peak: 2014; gap: -7),0.3766373411534702,0.12554578038449,0.1666666666666666,0.1428571428571428,-0.0238095238095238,external_prior_exposure_without_later_corporate_growth
individual::0037,T2,Operational sustainability and circular production,Regulatory evolution of fracking wastewater management,academic,Biosorption and Adsorption of Pollutants in Wastewater,Biosorption and Adsorption of Pollutants in Wastewater,academic_T2_PG04,40,1041,-0.1704475268383222,0.4153054646123878,2011,2000,11.0,2025,2009,16.0,External peaks before corporate (corporate peak: 2025; external peak: 2009; gap: 16),0.3878321256038647,0.1292773752012882,0.08,0.1081081081081081,0.0281081081081081,external_prior_exposure_with_later_corporate_growth
individual::0038,T2,Operational sustainability and circular production,Regulatory evolution of fracking wastewater management,academic,Evolution of Sustainability Assessment Frameworks for Water Infrastructure,Evolution of Sustainability Assessment Frameworks for Water Infrastructure,academic_T2_S088,40,54,-0.4370753971358572,0.0289088253113994,2011,2000,11.0,2025,2002,23.0,External peaks before corporate (corporate peak: 2025; external peak: 2002; gap: 23),0.0500560731538992,0.0166853577179664,0.08,0.1081081081081081,0.0281081081081081,external_prior_exposure_with_later_corporate_growth
individual::0039,T2,Operational sustainability and circular production,Regulatory evolution of fracking wastewater management,academic,Petroleum Production Water Management and Treatment,Petroleum Production Water Management and Treatment,academic_T2_S024,40,211,0.1806252546724367,0.3875723210606008,2011,2000,11.0,2025,2000,25.0,External peaks before corporate (corporate peak: 2025; external peak: 2000; gap: 25),0.0,0.0,0.08,0.1081081081081081,0.0281081081081081,corporate_growth_without_prior_external_exposure
individual::0040,T2,Operational sustainability and circular production,Substance Liability and Regulatory Compliance,academic,Chemical Safety and Risk Management Evolution,Chemical Safety and Risk Management Evolution,academic_T2_S021,96,245,0.0011551798235117,0.9956274736262952,2002,2000,2.0,2003,2003,0.0,Synchronous peak (corporate peak: 2003; external peak: 2003; gap: 0),0.1514726507713885,0.0757363253856942,0.3333333333333333,0.4,0.0666666666666667,external_prior_exposure_with_later_corporate_growth
individual::0041,T3,"Sustainable products, services and consumption",Biochar/Biofraction Production via Pyrolysis,academic,Bioplastic and Biopolymer Development and Application,Bioplastic and Biopolymer Development and Application,academic_T3_PG04,6,6939,-0.1947561030523978,0.3975642459903512,2012,2000,12.0,2012,2008,4.0,External peaks before corporate (corporate peak: 2012; external peak: 2008; gap: 4),0.3622200409534176,0.1207400136511392,0.1428571428571428,0.0,-0.1428571428571428,external_prior_exposure_without_later_corporate_growth
individual::0042,T3,"Sustainable products, services and consumption",Biochar/Biofraction Production via Pyrolysis,academic,Green HPLC and Chromatographic Techniques,Green HPLC and Chromatographic Techniques,academic_T3_S167,6,83,0.0456029467588034,0.8443878694199277,2012,2009,3.0,2012,2025,-13.0,Corporate peaks before external (corporate peak: 2012; external peak: 2025; gap: -13),0.0046930247508839,0.0015643415836279,0.1428571428571428,0.0,-0.1428571428571428,external_prior_exposure_without_later_corporate_growth
individual::0043,T3,"Sustainable products, services and consumption",Biochar/Biofraction Production via Pyrolysis,academic,Ruminant Feed Utilization and GHG Mitigation,Ruminant Feed Utilization and GHG Mitigation,academic_T3_S090,6,168,0.3988022402828693,0.0733285662577773,2012,2000,12.0,2012,2000,12.0,External peaks before corporate (corporate peak: 2012; external peak: 2000; gap: 12),0.0027322404371584,0.0009107468123861,0.1428571428571428,0.0,-0.1428571428571428,external_prior_exposure_without_later_corporate_growth
individual::0044,T3,"Sustainable products, services and consumption",Biochar/Biofraction Production via Pyrolysis,academic,Sustainable Acoustic Composites Development,Sustainable Acoustic Composites Development,academic_T3_S142,6,106,0.1600574013691336,0.4882776459184776,2012,2006,6.0,2012,2006,6.0,External peaks before corporate (corporate peak: 2012; external peak: 2006; gap: 6),0.0017889087656529,0.0005963029218843,0.1428571428571428,0.0,-0.1428571428571428,external_prior_exposure_without_later_corporate_growth
individual::0045,T3,"Sustainable products, services and consumption",Biochar/Biofraction Production via Pyrolysis,academic,Sustainable Catalysis and Green Chemistry Evolution,Sustainable Catalysis and Green Chemistry Evolution,academic_T3_PG07,6,1236,-0.3190870081260268,0.1585762503762394,2012,2000,12.0,2012,2003,9.0,External peaks before corporate (corporate peak: 2012; external peak: 2003; gap: 9),0.1368822270102797,0.0456274090034265,0.1428571428571428,0.0,-0.1428571428571428,external_prior_exposure_without_later_corporate_growth
individual::0046,T3,"Sustainable products, services and consumption",Consumer Market Dynamics and Competitive Pressure,academic,Consumer Willingness to Pay for Sustainable Horticultural Products,Consumer Willingness to Pay for Sustainable Horticultural Products,academic_T3_S201,18,50,0.40445931772897,0.0689750141070028,2010,2009,1.0,2011,2010,1.0,External peaks before corporate (corporate peak: 2011; external peak: 2010; gap: 1),0.0027322404371584,0.0009107468123861,0.1666666666666666,0.3333333333333333,0.1666666666666667,external_prior_exposure_with_later_corporate_growth
individual::0047,T3,"Sustainable products, services and consumption",Consumer Market Dynamics and Competitive Pressure,academic,Evolution of Consumer Drivers for Sustainable Food Purchases,Evolution of Consumer Drivers for Sustainable Food Purchases,academic_T3_PG09,18,2036,0.1485991533592452,0.5203190690848765,2010,2002,8.0,2011,2012,-1.0,Corporate peaks before external (corporate peak: 2011; external peak: 2012; gap: -1),0.0262577395117221,0.0087525798372407,0.1666666666666666,0.3333333333333333,0.1666666666666667,external_prior_exposure_with_later_corporate_growth
individual::0048,T3,"Sustainable products, services and consumption",Consumer Market Dynamics and Competitive Pressure,academic,Evolution of GI Focus: From Theory to Global Sustainability,Evolution of GI Focus: From Theory to Global Sustainability,academic_T3_S227,18,52,0.2421561328110208,0.2902416902824029,2010,2010,0.0,2011,2017,-6.0,Corporate peaks before external (corporate peak: 2011; external peak: 2017; gap: -6),0.0,0.0,0.1666666666666666,0.3333333333333333,0.1666666666666667,corporate_growth_without_prior_external_exposure
individual::0049,T3,"Sustainable products, services and consumption",Consumer Market Dynamics and Competitive Pressure,academic,Evolution of Greenwashing Discourse,Evolution of Greenwashing Discourse,academic_T3_S099,18,153,0.2064071125322383,0.3693569159629191,2010,2011,-1.0,2011,2025,-14.0,Corporate peaks before external (corporate peak: 2011; external peak: 2025; gap: -14),0.0,0.0,0.1666666666666666,0.3333333333333333,0.1666666666666667,corporate_growth_without_prior_external_exposure
individual::0050,T3,"Sustainable products, services and consumption",Consumer Market Dynamics and Competitive Pressure,academic,"Evolution of Halalness, Ijtihad, and Traceability in Academic Discourse","Evolution of Halalness, Ijtihad, and Traceability in Academic Discourse",academic_T3_S125,18,122,0.1879994158748653,0.4144527658143261,2010,2015,-5.0,2011,2025,-14.0,Corporate peaks before external (corporate peak: 2011; external peak: 2025; gap: -14),0.0,0.0,0.1666666666666666,0.3333333333333333,0.1666666666666667,corporate_growth_without_prior_external_exposure
individual::0051,T3,"Sustainable products, services and consumption",Consumer Market Dynamics and Competitive Pressure,academic,Evolution of Sharing Economy Models and Sustainability Critiques,Evolution of Sharing Economy Models and Sustainability Critiques,academic_T3_S073,18,225,0.3749382740436154,0.0939911771654263,2010,2006,4.0,2011,2019,-8.0,Corporate peaks before external (corporate peak: 2011; external peak: 2019; gap: -8),0.0,0.0,0.1666666666666666,0.3333333333333333,0.1666666666666667,corporate_growth_without_prior_external_exposure
individual::0052,T3,"Sustainable products, services and consumption",Consumer Market Dynamics and Competitive Pressure,academic,Evolution of Sustainability in Gastronomy and Hospitality,Evolution of Sustainability in Gastronomy and Hospitality,academic_T3_S105,18,142,0.2380824184053438,0.2986822404367459,2010,2012,-2.0,2011,2016,-5.0,Corporate peaks before external (corporate peak: 2011; external peak: 2016; gap: -5),0.0,0.0,0.1666666666666666,0.3333333333333333,0.1666666666666667,corporate_growth_without_prior_external_exposure
individual::0053,T3,"Sustainable products, services and consumption",Consumer Market Dynamics and Competitive Pressure,academic,Food Waste Management Evolution,Food Waste Management Evolution,academic_T3_PG18,18,616,0.1551133468658962,0.5019818707122904,2010,2004,6.0,2011,2025,-14.0,Corporate peaks before external (corporate peak: 2011; external peak: 2025; gap: -14),0.0032258064516129,0.0010752688172043,0.1666666666666666,0.3333333333333333,0.1666666666666667,external_prior_exposure_with_later_corporate_growth
individual::0054,T3,"Sustainable products, services and consumption",Consumer Market Dynamics and Competitive Pressure,academic,Pandemic Impact on Consumer Behavior and Sustainability,Pandemic Impact on Consumer Behavior and Sustainability,academic_T3_S066,18,256,0.0758914024654178,0.7437023306123722,2010,2020,-10.0,2011,2022,-11.0,Corporate peaks before external (corporate peak: 2011; external peak: 2022; gap: -11),0.0,0.0,0.1666666666666666,0.3333333333333333,0.1666666666666667,corporate_growth_without_prior_external_exposure
individual::0055,T3,"Sustainable products, services and consumption",Consumer Market Dynamics and Competitive Pressure,academic,Sustainable Inventory Optimization under Uncertainty,Sustainable Inventory Optimization under Uncertainty,academic_T3_S124,18,125,0.1632908744900231,0.4794163253964912,2010,2009,1.0,2011,2019,-8.0,Corporate peaks before external (corporate peak: 2011; external peak: 2019; gap: -8),0.0027322404371584,0.0009107468123861,0.1666666666666666,0.3333333333333333,0.1666666666666667,external_prior_exposure_with_later_corporate_growth
individual::0056,T3,"Sustainable products, services and consumption",Consumer Market Dynamics and Competitive Pressure,academic,Sustainable Lighting Evolution: From Natural Light to Smart Systems,Sustainable Lighting Evolution: From Natural Light to Smart Systems,academic_T3_S091,18,179,0.1397010506455526,0.5458678809135569,2010,2000,10.0,2011,2000,11.0,External peaks before corporate (corporate peak: 2011; external peak: 2000; gap: 11),0.0098642968887713,0.0032880989629237,0.1666666666666666,0.3333333333333333,0.1666666666666667,external_prior_exposure_with_later_corporate_growth
individual::0057,T3,"Sustainable products, services and consumption",ESG and Stakeholder Pressure on Emissions and Consumption,academic,Cooperative Models and Sustainability Trajectories,Cooperative Models and Sustainability Trajectories,academic_T3_S186,41,70,0.2334125275909367,0.30854111194531,2008,2010,-2.0,2025,2014,11.0,External peaks before corporate (corporate peak: 2025; external peak: 2014; gap: 11),0.0,0.0,0.5,0.5,0.0,no_prior_external_exposure_no_later_corporate_growth
individual::0058,T3,"Sustainable products, services and consumption",ESG and Stakeholder Pressure on Emissions and Consumption,academic,Critical Evolution of the Bioeconomy Paradigm,Critical Evolution of the Bioeconomy Paradigm,academic_T3_S076,41,224,-0.0552266031640376,0.812064004925474,2008,2011,-3.0,2025,2015,10.0,External peaks before corporate (corporate peak: 2025; external peak: 2015; gap: 10),0.0,0.0,0.5,0.5,0.0,no_prior_external_exposure_no_later_corporate_growth
individual::0059,T3,"Sustainable products, services and consumption",ESG and Stakeholder Pressure on Emissions and Consumption,academic,Critique of Sustainability Paradigms: From Development to Systemic Transformation,Critique of Sustainability Paradigms: From Development to Systemic Transformation,academic_T3_S006,41,1415,-0.4730100382641043,0.0303423206699893,2008,2000,8.0,2025,2001,24.0,External peaks before corporate (corporate peak: 2025; external peak: 2001; gap: 24),0.4322519523760361,0.1440839841253453,0.5,0.5,0.0,external_prior_exposure_without_later_corporate_growth
individual::0060,T3,"Sustainable products, services and consumption",ESG and Stakeholder Pressure on Emissions and Consumption,academic,Econometric Analysis of Economic Growth and Environmental Sustainability,Econometric Analysis of Economic Growth and Environmental Sustainability,academic_T3_PG06,41,1045,0.1870354879095885,0.4168934348611804,2008,2001,7.0,2025,2025,0.0,Synchronous peak (corporate peak: 2025; external peak: 2025; gap: 0),0.0314652407008642,0.0104884135669547,0.5,0.5,0.0,external_prior_exposure_without_later_corporate_growth
individual::0061,T3,"Sustainable products, services and consumption",ESG and Stakeholder Pressure on Emissions and Consumption,academic,Ecopsychological Drivers of Proenvironmental Behavior,Ecopsychological Drivers of Proenvironmental Behavior,academic_T3_S028,41,492,-0.2358273543207855,0.3034186412505014,2008,2000,8.0,2025,2000,25.0,External peaks before corporate (corporate peak: 2025; external peak: 2000; gap: 25),0.0236947979041916,0.0078982659680638,0.5,0.5,0.0,external_prior_exposure_without_later_corporate_growth
individual::0062,T3,"Sustainable products, services and consumption",ESG and Stakeholder Pressure on Emissions and Consumption,academic,Energy Transition and Sustainable Fuels,Energy Transition and Sustainable Fuels,academic_T3_S213,41,57,-0.3581069953444682,0.1109467799861169,2008,2001,7.0,2025,2001,24.0,External peaks before corporate (corporate peak: 2025; external peak: 2001; gap: 24),0.01482038232648,0.00494012744216,0.5,0.5,0.0,external_prior_exposure_without_later_corporate_growth
individual::0063,T3,"Sustainable products, services and consumption",ESG and Stakeholder Pressure on Emissions and Consumption,academic,Evolution of Aviation Sustainability Focus,Evolution of Aviation Sustainability Focus,academic_T3_PG29,41,165,0.0169636653401541,0.9418203940912468,2008,2000,8.0,2025,2001,24.0,External peaks before corporate (corporate peak: 2025; external peak: 2001; gap: 24),0.0049261083743842,0.0016420361247947,0.5,0.5,0.0,external_prior_exposure_without_later_corporate_growth
individual::0064,T3,"Sustainable products, services and consumption",ESG and Stakeholder Pressure on Emissions and Consumption,academic,Evolution of CSR/ESG in Banking,Evolution of CSR/ESG in Banking,academic_T3_PG20,41,883,0.4526800939261056,0.0393429508529436,2008,2000,8.0,2025,2024,1.0,External peaks before corporate (corporate peak: 2025; external peak: 2024; gap: 1),0.0385151802306716,0.0128383934102238,0.5,0.5,0.0,external_prior_exposure_without_later_corporate_growth
individual::0065,T3,"Sustainable products, services and consumption",ESG and Stakeholder Pressure on Emissions and Consumption,academic,Evolution of Circularity and Stakeholder Engagement in Food/Economic Systems,Evolution of Circularity and Stakeholder Engagement in Food/Economic Systems,academic_T3_PG08,41,4917,0.1036827161237936,0.6546954839242818,2008,2000,8.0,2025,2000,25.0,External peaks before corporate (corporate peak: 2025; external peak: 2000; gap: 25),0.188028883734993,0.062676294578331,0.5,0.5,0.0,external_prior_exposure_without_later_corporate_growth
individual::0066,T3,"Sustainable products, services and consumption",ESG and Stakeholder Pressure on Emissions and Consumption,academic,Evolution of Green Building Standards Adoption and Implementation,Evolution of Green Building Standards Adoption and Implementation,academic_T3_PG11,41,823,-0.043370547921064,0.851922507623426,2008,2000,8.0,2025,2008,17.0,External peaks before corporate (corporate peak: 2025; external peak: 2008; gap: 17),0.0392777407008642,0.0130925802336214,0.5,0.5,0.0,external_prior_exposure_without_later_corporate_growth
individual::0067,T3,"Sustainable products, services and consumption",ESG and Stakeholder Pressure on Emissions and Consumption,academic,Evolution of Green Intellectual Capital (GIC) and Intangible Assets in Sustainability,Evolution of Green Intellectual Capital (GIC) and Intangible Assets in Sustainability,academic_T3_S220,41,53,0.5621465500485759,0.007993015445692,2008,2000,8.0,2025,2000,25.0,External peaks before corporate (corporate peak: 2025; external peak: 2000; gap: 25),0.0,0.0,0.5,0.5,0.0,no_prior_external_exposure_no_later_corporate_growth
individual::0068,T3,"Sustainable products, services and consumption",ESG and Stakeholder Pressure on Emissions and Consumption,academic,Evolution of Municipal Governance and Participation in Sustainability,Evolution of Municipal Governance and Participation in Sustainability,academic_T3_S216,41,57,-0.3263809211445667,0.1487463395826331,2008,2001,7.0,2025,2005,20.0,External peaks before corporate (corporate peak: 2025; external peak: 2005; gap: 20),0.0247146562785758,0.0082382187595252,0.5,0.5,0.0,external_prior_exposure_without_later_corporate_growth
individual::0069,T3,"Sustainable products, services and consumption",ESG and Stakeholder Pressure on Emissions and Consumption,academic,Evolution of Sustainability Accounting and Auditing Focus,Evolution of Sustainability Accounting and Auditing Focus,academic_T3_S048,41,335,0.0941954087660608,0.6846464145411434,2008,2000,8.0,2025,2000,25.0,External peaks before corporate (corporate peak: 2025; external peak: 2000; gap: 25),0.0147783251231527,0.0049261083743842,0.5,0.5,0.0,external_prior_exposure_without_later_corporate_growth
individual::0070,T3,"Sustainable products, services and consumption",ESG and Stakeholder Pressure on Emissions and Consumption,academic,Evolution of Sustainability Balanced Scorecard (SBSC) Application,Evolution of Sustainability Balanced Scorecard (SBSC) Application,academic_T3_S170,41,84,0.3695124947553341,0.0992335784415823,2008,2003,5.0,2025,2003,22.0,External peaks before corporate (corporate peak: 2025; external peak: 2003; gap: 22),0.01091413232648,0.0036380441088266,0.5,0.5,0.0,external_prior_exposure_without_later_corporate_growth
individual::0071,T3,"Sustainable products, services and consumption",ESG and Stakeholder Pressure on Emissions and Consumption,academic,Evolution of Sustainable HRM/GHRM Integration,Evolution of Sustainable HRM/GHRM Integration,academic_T3_S038,41,409,0.3342331956548371,0.1386502516062803,2008,2000,8.0,2025,2025,0.0,Synchronous peak (corporate peak: 2025; external peak: 2025; gap: 0),0.0,0.0,0.5,0.5,0.0,no_prior_external_exposure_no_later_corporate_growth
individual::0072,T3,"Sustainable products, services and consumption",ESG and Stakeholder Pressure on Emissions and Consumption,academic,Evolution of Sustainable Public Procurement Frameworks,Evolution of Sustainable Public Procurement Frameworks,academic_T3_S087,41,181,-0.2345571493847107,0.3061065649959761,2008,2007,1.0,2025,2009,16.0,External peaks before corporate (corporate peak: 2025; external peak: 2009; gap: 16),0.00390625,0.0013020833333333,0.5,0.5,0.0,external_prior_exposure_without_later_corporate_growth
individual::0073,T3,"Sustainable products, services and consumption",ESG and Stakeholder Pressure on Emissions and Consumption,academic,Evolution of Sustainable Sourcing and Supplier Relationships in SCM,Evolution of Sustainable Sourcing and Supplier Relationships in SCM,academic_T3_PG05,41,2287,-0.0420152182985307,0.8565030287833185,2008,2000,8.0,2025,2010,15.0,External peaks before corporate (corporate peak: 2025; external peak: 2010; gap: 15),0.130365923018495,0.0434553076728316,0.5,0.5,0.0,external_prior_exposure_without_later_corporate_growth
individual::0074,T3,"Sustainable products, services and consumption",ESG and Stakeholder Pressure on Emissions and Consumption,academic,Evolution of Sustainable Textile and Apparel Discourse,Evolution of Sustainable Textile and Apparel Discourse,academic_T3_S001,41,2166,0.3992742293774953,0.0729576406459126,2008,2000,8.0,2025,2022,3.0,External peaks before corporate (corporate peak: 2025; external peak: 2022; gap: 3),0.0078125,0.0026041666666666,0.5,0.5,0.0,external_prior_exposure_without_later_corporate_growth
individual::0075,T3,"Sustainable products, services and consumption",ESG and Stakeholder Pressure on Emissions and Consumption,academic,Evolution of Sustainable and Ecological Marketing Strategy,Evolution of Sustainable and Ecological Marketing Strategy,academic_T3_S202,41,60,0.3147435110949058,0.1646397658263352,2008,2012,-4.0,2025,2014,11.0,External peaks before corporate (corporate peak: 2025; external peak: 2014; gap: 11),0.0,0.0,0.5,0.5,0.0,no_prior_external_exposure_no_later_corporate_growth
individual::0076,T3,"Sustainable products, services and consumption",ESG and Stakeholder Pressure on Emissions and Consumption,academic,Evolution of the Water-Energy-Food Nexus Research Focus,Evolution of the Water-Energy-Food Nexus Research Focus,academic_T3_S129,41,116,0.2170964184697995,0.3445144109057492,2008,2008,0.0,2025,2015,10.0,External peaks before corporate (corporate peak: 2025; external peak: 2015; gap: 10),0.0,0.0,0.5,0.5,0.0,no_prior_external_exposure_no_later_corporate_growth
individual::0077,T3,"Sustainable products, services and consumption",ESG and Stakeholder Pressure on Emissions and Consumption,academic,FinTech's Role in Sustainable Finance and Ecosystem Transformation,FinTech's Role in Sustainable Finance and Ecosystem Transformation,academic_T3_S134,41,110,0.51670230646465,0.0164707702247638,2008,2012,-4.0,2025,2025,0.0,Synchronous peak (corporate peak: 2025; external peak: 2025; gap: 0),0.0,0.0,0.5,0.5,0.0,no_prior_external_exposure_no_later_corporate_growth
individual::0078,T3,"Sustainable products, services and consumption",ESG and Stakeholder Pressure on Emissions and Consumption,academic,HEI Sustainability Assessment and ESD Integration,HEI Sustainability Assessment and ESD Integration,academic_T3_PG15,41,930,-0.5373881953344337,0.0119951289729341,2008,2000,8.0,2025,2004,21.0,External peaks before corporate (corporate peak: 2025; external peak: 2004; gap: 21),0.1112978783811687,0.0370992927937229,0.5,0.5,0.0,external_prior_exposure_without_later_corporate_growth
individual::0079,T3,"Sustainable products, services and consumption",ESG and Stakeholder Pressure on Emissions and Consumption,academic,Household Behavioral Determinants of Prosumer Adoption,Household Behavioral Determinants of Prosumer Adoption,academic_T3_PG16,41,536,-0.2609009523376506,0.2533249055527289,2008,2001,7.0,2025,2001,24.0,External peaks before corporate (corporate peak: 2025; external peak: 2001; gap: 24),0.01482038232648,0.00494012744216,0.5,0.5,0.0,external_prior_exposure_without_later_corporate_growth
individual::0080,T3,"Sustainable products, services and consumption",ESG and Stakeholder Pressure on Emissions and Consumption,academic,Hydrogen and Biohydrogen in Decarbonization,Hydrogen and Biohydrogen in Decarbonization,academic_T3_S160,41,96,0.5202940042335418,0.0156097104809179,2008,2003,5.0,2025,2003,22.0,External peaks before corporate (corporate peak: 2025; external peak: 2003; gap: 22),0.0059880239520958,0.0019960079840319,0.5,0.5,0.0,external_prior_exposure_without_later_corporate_growth
individual::0081,T3,"Sustainable products, services and consumption",ESG and Stakeholder Pressure on Emissions and Consumption,academic,Islamic Finance Instruments for SDGs,Islamic Finance Instruments for SDGs,academic_T3_S217,41,56,0.3946383143181649,0.0766625149210305,2008,2017,-9.0,2025,2025,0.0,Synchronous peak (corporate peak: 2025; external peak: 2025; gap: 0),0.0,0.0,0.5,0.5,0.0,no_prior_external_exposure_no_later_corporate_growth
individual::0082,T3,"Sustainable products, services and consumption",ESG and Stakeholder Pressure on Emissions and Consumption,academic,Life Cycle Assessment and GHG Footprinting Evolution,Life Cycle Assessment and GHG Footprinting Evolution,academic_T3_S208,41,57,0.0205596929208959,0.9295141788744616,2008,2008,0.0,2025,2015,10.0,External peaks before corporate (corporate peak: 2025; external peak: 2015; gap: 10),0.0,0.0,0.5,0.5,0.0,no_prior_external_exposure_no_later_corporate_growth
individual::0083,T3,"Sustainable products, services and consumption",ESG and Stakeholder Pressure on Emissions and Consumption,academic,MNCs and SDGs Engagement,MNCs and SDGs Engagement,academic_T3_S118,41,130,0.2131268008698083,0.3536231239729474,2008,2006,2.0,2025,2006,19.0,External peaks before corporate (corporate peak: 2025; external peak: 2006; gap: 19),0.0049261083743842,0.0016420361247947,0.5,0.5,0.0,external_prior_exposure_without_later_corporate_growth
individual::0084,T3,"Sustainable products, services and consumption",ESG and Stakeholder Pressure on Emissions and Consumption,academic,Socio-Economic and Environmental Sustainability Integration,Socio-Economic and Environmental Sustainability Integration,academic_T3_S141,41,98,-0.1898833190681041,0.4097051996496082,2008,2007,1.0,2025,2007,18.0,External peaks before corporate (corporate peak: 2025; external peak: 2007; gap: 18),0.0078125,0.0026041666666666,0.5,0.5,0.0,external_prior_exposure_without_later_corporate_growth
individual::0085,T3,"Sustainable products, services and consumption",ESG and Stakeholder Pressure on Emissions and Consumption,academic,Sustainable Logistics and Warehousing Evolution,Sustainable Logistics and Warehousing Evolution,academic_T3_PG24,41,522,0.1945529776423449,0.3980663319037462,2008,2005,3.0,2025,2017,8.0,External peaks before corporate (corporate peak: 2025; external peak: 2017; gap: 8),0.0169021562785758,0.0056340520928586,0.5,0.5,0.0,external_prior_exposure_without_later_corporate_growth
individual::0086,T3,"Sustainable products, services and consumption",ESG and Stakeholder Pressure on Emissions and Consumption,academic,Sustainable Transport Evolution,Sustainable Transport Evolution,academic_T3_S000,41,2435,0.0609898330139962,0.7928430213214535,2008,2000,8.0,2025,2003,22.0,External peaks before corporate (corporate peak: 2025; external peak: 2003; gap: 22),0.1163971702530898,0.0387990567510299,0.5,0.5,0.0,external_prior_exposure_without_later_corporate_growth
individual::0087,T3,"Sustainable products, services and consumption",ESG and Stakeholder Pressure on Emissions and Consumption,academic,"Urban Form, Livability, and Sustainable Development Trajectories","Urban Form, Livability, and Sustainable Development Trajectories",academic_T3_PG12,41,1308,-0.5319668768443007,0.01305885109671,2008,2000,8.0,2025,2002,23.0,External peaks before corporate (corporate peak: 2025; external peak: 2002; gap: 23),0.1250563451299371,0.0416854483766457,0.5,0.5,0.0,external_prior_exposure_without_later_corporate_growth
individual::0088,T3,"Sustainable products, services and consumption",ESG and Stakeholder Pressure on Emissions and Consumption,media,Community Building and Expert Contribution in Sustainability,Community Building and Expert Contribution in Sustainability,media_T3_S002,41,130,0.0845275210092254,0.715643044844786,2008,2010,-2.0,2025,2014,11.0,External peaks before corporate (corporate peak: 2025; external peak: 2014; gap: 11),0.0,0.0,0.5,0.5,0.0,no_prior_external_exposure_no_later_corporate_growth
individual::0089,T3,"Sustainable products, services and consumption",ESG and Stakeholder Pressure on Emissions and Consumption,media,Sustainable Consumption and Environmental Impact,Sustainable Consumption and Environmental Impact,media_T3_S000,41,7263,0.030275525769413,0.8963498918397943,2008,2000,8.0,2025,2019,6.0,External peaks before corporate (corporate peak: 2025; external peak: 2019; gap: 6),3.0,1.0,0.5,0.5,0.0,external_prior_exposure_without_later_corporate_growth
individual::0090,T3,"Sustainable products, services and consumption",Environmental Liability and Compliance Risk Evolution,academic,Cathode Material Sustainability and Lifecycle Assessment in Batteries,Cathode Material Sustainability and Lifecycle Assessment in Batteries,academic_T3_S157,10,92,-0.329876372473499,0.14419032564742,2007,2017,-10.0,2007,2024,-17.0,Corporate peaks before external (corporate peak: 2007; external peak: 2024; gap: -17),0.0,0.0,1.0,0.25,-0.75,no_prior_external_exposure_no_later_corporate_growth
individual::0091,T3,"Sustainable products, services and consumption",Environmental Liability and Compliance Risk Evolution,academic,Evolution of Sustainable Mineral Extraction Discourse,Evolution of Sustainable Mineral Extraction Discourse,academic_T3_S083,10,201,0.1043835604662365,0.6525023961518925,2007,2001,6.0,2007,2001,6.0,External peaks before corporate (corporate peak: 2007; external peak: 2001; gap: 6),0.0535087460546886,0.0178362486848962,1.0,0.25,-0.75,external_prior_exposure_without_later_corporate_growth
individual::0092,T3,"Sustainable products, services and consumption",Sustainable Manufacturing and Energy Transition,academic,AI for Sustainable Development Goals and Smart Systems,AI for Sustainable Development Goals and Smart Systems,academic_T3_PG19,6,543,0.4607721589453644,0.0355400778159855,2008,2013,-5.0,2008,2024,-16.0,Corporate peaks before external (corporate peak: 2008; external peak: 2024; gap: -16),0.0,0.0,0.5,0.0,-0.5,no_prior_external_exposure_no_later_corporate_growth
individual::0093,T3,"Sustainable products, services and consumption",Sustainable Manufacturing and Energy Transition,academic,AI in Personalized Marketing for Sustainable Outcomes,AI in Personalized Marketing for Sustainable Outcomes,academic_T3_S219,6,53,0.4085803970095725,0.0659283757886515,2008,2017,-9.0,2008,2025,-17.0,Corporate peaks before external (corporate peak: 2008; external peak: 2025; gap: -17),0.0,0.0,0.5,0.0,-0.5,no_prior_external_exposure_no_later_corporate_growth
individual::0094,T3,"Sustainable products, services and consumption",Sustainable Manufacturing and Energy Transition,academic,Biocomposites and Natural Fiber Composites Evolution,Biocomposites and Natural Fiber Composites Evolution,academic_T3_S017,6,639,0.3301157809043162,0.1438819145156998,2008,2007,1.0,2008,2024,-16.0,Corporate peaks before external (corporate peak: 2008; external peak: 2024; gap: -16),0.0078125,0.0026041666666666,0.5,0.0,-0.5,external_prior_exposure_without_later_corporate_growth
individual::0095,T3,"Sustainable products, services and consumption",Sustainable Manufacturing and Energy Transition,academic,Earth Block Material Science and Sustainability,Earth Block Material Science and Sustainability,academic_T3_S097,6,158,0.4131395806874864,0.0626776627976703,2008,2004,4.0,2008,2004,4.0,External peaks before corporate (corporate peak: 2008; external peak: 2004; gap: 4),0.0,0.0,0.5,0.0,-0.5,no_prior_external_exposure_no_later_corporate_growth
individual::0096,T3,"Sustainable products, services and consumption",Sustainable Manufacturing and Energy Transition,academic,"Ecospirituality, Stewardship, Interfaith Religiosity","Ecospirituality, Stewardship, Interfaith Religiosity",academic_T3_S116,6,133,-0.1590997789038038,0.4909174777065381,2008,2007,1.0,2008,2010,-2.0,Corporate peaks before external (corporate peak: 2008; external peak: 2010; gap: -2),0.00390625,0.0013020833333333,0.5,0.0,-0.5,external_prior_exposure_without_later_corporate_growth
individual::0097,T3,"Sustainable products, services and consumption",Sustainable Manufacturing and Energy Transition,academic,Evolution of Frugal Innovation Concepts and Applications,Evolution of Frugal Innovation Concepts and Applications,academic_T3_S145,6,96,0.202536568898193,0.3785979201069896,2008,2012,-4.0,2008,2016,-8.0,Corporate peaks before external (corporate peak: 2008; external peak: 2016; gap: -8),0.0,0.0,0.5,0.0,-0.5,no_prior_external_exposure_no_later_corporate_growth
individual::0098,T3,"Sustainable products, services and consumption",Sustainable Manufacturing and Energy Transition,academic,Evolution of Sustainability Application and Assessment Methods,Evolution of Sustainability Application and Assessment Methods,academic_T3_S027,6,451,0.6165437796776512,0.0029146508527703,2008,2004,4.0,2008,2022,-14.0,Corporate peaks before external (corporate peak: 2008; external peak: 2022; gap: -14),0.0,0.0,0.5,0.0,-0.5,no_prior_external_exposure_no_later_corporate_growth
individual::0099,T3,"Sustainable products, services and consumption",Sustainable Manufacturing and Energy Transition,academic,Evolution of Sustainable Building Envelope Materials,Evolution of Sustainable Building Envelope Materials,academic_T3_S036,6,446,0.2713403905085143,0.2341322399583014,2008,2001,7.0,2008,2001,7.0,External peaks before corporate (corporate peak: 2008; external peak: 2001; gap: 7),0.00390625,0.0013020833333333,0.5,0.0,-0.5,external_prior_exposure_without_later_corporate_growth
individual::0100,T3,"Sustainable products, services and consumption",Sustainable Manufacturing and Energy Transition,academic,Industry 5.0 Manufacturing Digitalization and IoT,Industry 5.0 Manufacturing Digitalization and IoT,academic_T3_S079,6,205,0.589682731214502,0.0049017745926769,2008,2011,-3.0,2008,2023,-15.0,Corporate peaks before external (corporate peak: 2008; external peak: 2023; gap: -15),0.0,0.0,0.5,0.0,-0.5,no_prior_external_exposure_no_later_corporate_growth
individual::0101,T3,"Sustainable products, services and consumption",Sustainable Manufacturing and Energy Transition,academic,Multi-Criteria Decision Making for Sustainable Material Selection,Multi-Criteria Decision Making for Sustainable Material Selection,academic_T3_S226,6,50,0.5436989683680816,0.0108467554837833,2008,2005,3.0,2008,2005,3.0,External peaks before corporate (corporate peak: 2008; external peak: 2005; gap: 3),0.0059880239520958,0.0019960079840319,0.5,0.0,-0.5,external_prior_exposure_without_later_corporate_growth
individual::0102,T3,"Sustainable products, services and consumption",Sustainable Manufacturing and Energy Transition,academic,Perovskite PV Evolution: From Sustainability Concerns to Material Science Hurdles,Perovskite PV Evolution: From Sustainability Concerns to Material Science Hurdles,academic_T3_S151,6,98,0.1618632415374903,0.4833187758564062,2008,2010,-2.0,2008,2013,-5.0,Corporate peaks before external (corporate peak: 2008; external peak: 2013; gap: -5),0.0,0.0,0.5,0.0,-0.5,no_prior_external_exposure_no_later_corporate_growth
individual::0103,T3,"Sustainable products, services and consumption",Sustainable Manufacturing and Energy Transition,academic,Solar and Advanced Drying System Development,Solar and Advanced Drying System Development,academic_T3_S135,6,104,0.376843180478776,0.0921999132845124,2008,2013,-5.0,2008,2025,-17.0,Corporate peaks before external (corporate peak: 2008; external peak: 2025; gap: -17),0.0,0.0,0.5,0.0,-0.5,no_prior_external_exposure_no_later_corporate_growth
individual::0104,T3,"Sustainable products, services and consumption",Sustainable Manufacturing and Energy Transition,academic,Sustainable Leadership and Resource Orientation,Sustainable Leadership and Resource Orientation,academic_T3_PG34,6,409,0.112814245606611,0.6263413883777399,2008,2000,8.0,2008,2000,8.0,External peaks before corporate (corporate peak: 2008; external peak: 2000; gap: 8),0.00390625,0.0013020833333333,0.5,0.0,-0.5,external_prior_exposure_without_later_corporate_growth
individual::0105,T3,"Sustainable products, services and consumption",Sustainable Manufacturing and Energy Transition,academic,Sustainable Leather Processing and Alternatives,Sustainable Leather Processing and Alternatives,academic_T3_S189,6,66,0.457903269643547,0.0368538635580062,2008,2012,-4.0,2008,2023,-15.0,Corporate peaks before external (corporate peak: 2008; external peak: 2023; gap: -15),0.0,0.0,0.5,0.0,-0.5,no_prior_external_exposure_no_later_corporate_growth
individual::0106,T3,"Sustainable products, services and consumption",Sustainable Manufacturing and Energy Transition,academic,Sustainable Machining Fluids and Process Optimization,Sustainable Machining Fluids and Process Optimization,academic_T3_S108,6,142,0.1460919513364015,0.5274601694391889,2008,2010,-2.0,2008,2016,-8.0,Corporate peaks before external (corporate peak: 2008; external peak: 2016; gap: -8),0.0,0.0,0.5,0.0,-0.5,no_prior_external_exposure_no_later_corporate_growth
individual::0107,T3,"Sustainable products, services and consumption",Sustainable Manufacturing and Energy Transition,academic,Sustainable and Eco-Entrepreneurship Evolution,Sustainable and Eco-Entrepreneurship Evolution,academic_T3_PG17,6,1150,-0.3943806276460088,0.0768725017627693,2008,2000,8.0,2008,2005,3.0,External peaks before corporate (corporate peak: 2008; external peak: 2005; gap: 3),0.0960142906920149,0.0320047635640049,0.5,0.0,-0.5,external_prior_exposure_without_later_corporate_growth
individual::0108,T3,"Sustainable products, services and consumption",Sustainable Manufacturing and Energy Transition,academic,Transdisciplinary Design for Sustainable Systems,Transdisciplinary Design for Sustainable Systems,academic_T3_PG13,6,1436,-0.0880022888135722,0.7044498511300268,2008,2000,8.0,2008,2010,-2.0,Corporate peaks before external (corporate peak: 2008; external peak: 2010; gap: -2),0.0936331616324002,0.0312110538774667,0.5,0.0,-0.5,external_prior_exposure_without_later_corporate_growth
individual::0109,T4,"Climate strategy, carbon governance and disclosure",GHG Emissions Regulation and Risk Management,academic,AI's Role in Global Governance and Sustainable Development,AI's Role in Global Governance and Sustainable Development,academic_T4_S054,2377,50,0.7145582909085808,4.115998075666989e-05,2003,2014,-11.0,2023,2025,-2.0,Corporate peaks before external (corporate peak: 2023; external peak: 2025; gap: -2),0.0,0.0,0.0769230769230769,0.1176470588235294,0.0407239819004525,corporate_growth_without_prior_external_exposure
individual::0110,T4,"Climate strategy, carbon governance and disclosure",GHG Emissions Regulation and Risk Management,academic,CDM Mechanism Evolution and Critique,CDM Mechanism Evolution and Critique,academic_T4_PG09,2377,164,-0.4863939828208009,0.0117501118546664,2003,2001,2.0,2023,2011,12.0,External peaks before corporate (corporate peak: 2023; external peak: 2011; gap: 12),0.0894009216589861,0.029800307219662,0.0769230769230769,0.1176470588235294,0.0407239819004525,external_prior_exposure_with_later_corporate_growth
individual::0111,T4,"Climate strategy, carbon governance and disclosure",GHG Emissions Regulation and Risk Management,academic,Crisis Governance Evolution,Crisis Governance Evolution,academic_T4_S039,2377,88,0.7668338180027001,4.89658380215317e-06,2003,2018,-15.0,2023,2021,2.0,External peaks before corporate (corporate peak: 2023; external peak: 2021; gap: 2),0.0,0.0,0.0769230769230769,0.1176470588235294,0.0407239819004525,corporate_growth_without_prior_external_exposure
individual::0112,T4,"Climate strategy, carbon governance and disclosure",GHG Emissions Regulation and Risk Management,academic,Critical Minerals in Energy Transition,Critical Minerals in Energy Transition,academic_T4_S056,2377,52,0.7677318575803451,4.69874142144109e-06,2003,2012,-9.0,2023,2022,1.0,External peaks before corporate (corporate peak: 2023; external peak: 2022; gap: 1),0.0,0.0,0.0769230769230769,0.1176470588235294,0.0407239819004525,corporate_growth_without_prior_external_exposure
individual::0113,T4,"Climate strategy, carbon governance and disclosure",GHG Emissions Regulation and Risk Management,academic,"Econometric Linkages of Emissions, GDP, and Economic Structure","Econometric Linkages of Emissions, GDP, and Economic Structure",academic_T4_PG02,2377,1153,0.8257545896013491,2.0616284893703242e-07,2003,2003,0.0,2023,2025,-2.0,Corporate peaks before external (corporate peak: 2023; external peak: 2025; gap: -2),0.0,0.0,0.0769230769230769,0.1176470588235294,0.0407239819004525,corporate_growth_without_prior_external_exposure
individual::0114,T4,"Climate strategy, carbon governance and disclosure",GHG Emissions Regulation and Risk Management,academic,Evolution of CSR/ESG Disclosure and Stakeholder Reporting,Evolution of CSR/ESG Disclosure and Stakeholder Reporting,academic_T4_PG01,2377,6230,0.4516681518792594,0.0205428165194255,2003,2000,3.0,2023,2002,21.0,External peaks before corporate (corporate peak: 2023; external peak: 2002; gap: 21),0.9266359447004608,0.3088786482334869,0.0769230769230769,0.1176470588235294,0.0407239819004525,external_prior_exposure_with_later_corporate_growth
individual::0115,T4,"Climate strategy, carbon governance and disclosure",GHG Emissions Regulation and Risk Management,academic,Evolution of Carbon Pricing Mechanisms,Evolution of Carbon Pricing Mechanisms,academic_T4_S015,2377,254,-0.734645092488462,1.924795949074023e-05,2003,2000,3.0,2023,2000,23.0,External peaks before corporate (corporate peak: 2023; external peak: 2000; gap: 23),0.2416589861751152,0.080552995391705,0.0769230769230769,0.1176470588235294,0.0407239819004525,external_prior_exposure_with_later_corporate_growth
individual::0116,T4,"Climate strategy, carbon governance and disclosure",GHG Emissions Regulation and Risk Management,academic,Evolution of Emission Prediction Modeling Techniques,Evolution of Emission Prediction Modeling Techniques,academic_T4_S040,2377,84,0.7393192260972854,1.597271357984101e-05,2003,2015,-12.0,2023,2025,-2.0,Corporate peaks before external (corporate peak: 2023; external peak: 2025; gap: -2),0.0,0.0,0.0769230769230769,0.1176470588235294,0.0407239819004525,corporate_growth_without_prior_external_exposure
individual::0117,T4,"Climate strategy, carbon governance and disclosure",GHG Emissions Regulation and Risk Management,academic,Evolution of Global Development Goals and Governance,Evolution of Global Development Goals and Governance,academic_T4_S013,2377,314,-0.3234086431691614,0.10704550400103,2003,2000,3.0,2023,2000,23.0,External peaks before corporate (corporate peak: 2023; external peak: 2000; gap: 23),0.1371428571428571,0.0457142857142857,0.0769230769230769,0.1176470588235294,0.0407239819004525,external_prior_exposure_with_later_corporate_growth
individual::0118,T4,"Climate strategy, carbon governance and disclosure",GHG Emissions Regulation and Risk Management,academic,Evolution of Green Bond Finance Mechanisms,Evolution of Green Bond Finance Mechanisms,academic_T4_S014,2377,307,0.8856722859393344,1.8153784428755783e-09,2003,2010,-7.0,2023,2021,2.0,External peaks before corporate (corporate peak: 2023; external peak: 2021; gap: 2),0.0,0.0,0.0769230769230769,0.1176470588235294,0.0407239819004525,corporate_growth_without_prior_external_exposure
individual::0119,T4,"Climate strategy, carbon governance and disclosure",GHG Emissions Regulation and Risk Management,academic,Evolution of Participatory Governance in Digital/Smart Cities,Evolution of Participatory Governance in Digital/Smart Cities,academic_T4_S023,2377,158,0.5599855297408977,0.0029304828906724,2003,2005,-2.0,2023,2005,18.0,External peaks before corporate (corporate peak: 2023; external peak: 2005; gap: 18),0.0,0.0,0.0769230769230769,0.1176470588235294,0.0407239819004525,corporate_growth_without_prior_external_exposure
individual::0120,T4,"Climate strategy, carbon governance and disclosure",GHG Emissions Regulation and Risk Management,academic,Evolution of Transboundary Water Governance and Management Paradigms,Evolution of Transboundary Water Governance and Management Paradigms,academic_T4_S007,2377,373,-0.1187949332420404,0.5632642314044977,2003,2001,2.0,2023,2008,15.0,External peaks before corporate (corporate peak: 2023; external peak: 2008; gap: 15),0.0967741935483871,0.032258064516129,0.0769230769230769,0.1176470588235294,0.0407239819004525,external_prior_exposure_with_later_corporate_growth
individual::0121,T4,"Climate strategy, carbon governance and disclosure",GHG Emissions Regulation and Risk Management,academic,Evolution of Urban Governance and Municipal Action,Evolution of Urban Governance and Municipal Action,academic_T4_S009,2377,348,-0.0407394727832933,0.8433607211638366,2003,2002,1.0,2023,2004,19.0,External peaks before corporate (corporate peak: 2023; external peak: 2004; gap: 19),0.0285714285714285,0.0095238095238095,0.0769230769230769,0.1176470588235294,0.0407239819004525,external_prior_exposure_with_later_corporate_growth
individual::0122,T4,"Climate strategy, carbon governance and disclosure",GHG Emissions Regulation and Risk Management,academic,Intergenerational Climate Justice and Legal Mechanisms,Intergenerational Climate Justice and Legal Mechanisms,academic_T4_S043,2377,72,0.3619766764412489,0.0691961786658675,2003,2003,0.0,2023,2003,20.0,External peaks before corporate (corporate peak: 2023; external peak: 2003; gap: 20),0.0,0.0,0.0769230769230769,0.1176470588235294,0.0407239819004525,corporate_growth_without_prior_external_exposure
individual::0123,T4,"Climate strategy, carbon governance and disclosure",GHG Emissions Regulation and Risk Management,academic,Pedagogical Evolution of Participatory Sustainability Education,Pedagogical Evolution of Participatory Sustainability Education,academic_T4_PG06,2377,1210,0.2070145696113272,0.3102473679904308,2003,2000,3.0,2023,2002,21.0,External peaks before corporate (corporate peak: 2023; external peak: 2002; gap: 21),0.1542857142857142,0.0514285714285714,0.0769230769230769,0.1176470588235294,0.0407239819004525,external_prior_exposure_with_later_corporate_growth
individual::0124,T4,"Climate strategy, carbon governance and disclosure",GHG Emissions Regulation and Risk Management,academic,Sustainable Supply Chain Coordination and Mechanism Design in Circular Economies,Sustainable Supply Chain Coordination and Mechanism Design in Circular Economies,academic_T4_S012,2377,313,0.7147862572605745,4.0821003326084655e-05,2003,2005,-2.0,2023,2018,5.0,External peaks before corporate (corporate peak: 2023; external peak: 2018; gap: 5),0.0,0.0,0.0769230769230769,0.1176470588235294,0.0407239819004525,corporate_growth_without_prior_external_exposure
individual::0125,T4,"Climate strategy, carbon governance and disclosure",GHG Emissions Regulation and Risk Management,media,Aviation Decarbonization Trajectory,Aviation Decarbonization Trajectory,media_T4_S006,2377,146,0.0181506859958884,0.9298719574722818,2003,2000,3.0,2023,2004,19.0,External peaks before corporate (corporate peak: 2023; external peak: 2004; gap: 19),0.2261904761904761,0.0753968253968253,0.0769230769230769,0.1176470588235294,0.0407239819004525,external_prior_exposure_with_later_corporate_growth
individual::0126,T4,"Climate strategy, carbon governance and disclosure",GHG Emissions Regulation and Risk Management,media,Climate Policy Evolution: From Treaties to National Strategy,Climate Policy Evolution: From Treaties to National Strategy,media_T4_PG01,2377,1802,0.0899914575335191,0.661973940328811,2003,2000,3.0,2023,2017,6.0,External peaks before corporate (corporate peak: 2023; external peak: 2017; gap: 6),2.507142857142857,0.8357142857142857,0.0769230769230769,0.1176470588235294,0.0407239819004525,external_prior_exposure_with_later_corporate_growth
individual::0127,T5,"Climate risk, adaptation and resilience",Operational Hazards and Liability Management,academic,Climate Resilience in Built Environments,Climate Resilience in Built Environments,academic_T5_PG14,2397,132,,,2000,2010,-10.0,2014,2015,-1.0,Corporate peaks before external (corporate peak: 2014; external peak: 2015; gap: -1),0.0,0.0,1.0,1.0,0.0,no_prior_external_exposure_no_later_corporate_growth
individual::0128,T5,"Climate risk, adaptation and resilience",Operational Hazards and Liability Management,academic,Disaster Preparedness Evolution,Disaster Preparedness Evolution,academic_T5_PG11,2397,542,,,2000,2002,-2.0,2014,2006,8.0,External peaks before corporate (corporate peak: 2014; external peak: 2006; gap: 8),0.0,0.0,1.0,1.0,0.0,no_prior_external_exposure_no_later_corporate_growth
individual::0129,T5,"Climate risk, adaptation and resilience",Operational Hazards and Liability Management,academic,Evolution of Organizational Resilience and Adaptive Capabilities,Evolution of Organizational Resilience and Adaptive Capabilities,academic_T5_S054,2397,90,,,2000,2002,-2.0,2014,2002,12.0,External peaks before corporate (corporate peak: 2014; external peak: 2002; gap: 12),0.0,0.0,1.0,1.0,0.0,no_prior_external_exposure_no_later_corporate_growth
individual::0130,T5,"Climate risk, adaptation and resilience",Operational Hazards and Liability Management,academic,Integrated Participatory Urban Resilience and Sustainable Development,Integrated Participatory Urban Resilience and Sustainable Development,academic_T5_PG04,2397,1224,,,2000,2000,0.0,2014,2002,12.0,External peaks before corporate (corporate peak: 2014; external peak: 2002; gap: 12),0.0,0.0,1.0,1.0,0.0,no_prior_external_exposure_no_later_corporate_growth
individual::0131,T5,"Climate risk, adaptation and resilience",Operational Hazards and Liability Management,academic,Interconnected Global Crises and Pandemic Impacts,Interconnected Global Crises and Pandemic Impacts,academic_T5_S043,2397,111,,,2000,2020,-20.0,2014,2022,-8.0,Corporate peaks before external (corporate peak: 2014; external peak: 2022; gap: -8),0.0,0.0,1.0,1.0,0.0,no_prior_external_exposure_no_later_corporate_growth
individual::0132,T5,"Climate risk, adaptation and resilience",Operational Hazards and Liability Management,academic,Logistics Resiliency and SCM Disruption,Logistics Resiliency and SCM Disruption,academic_T5_S060,2397,73,,,2000,2010,-10.0,2014,2025,-11.0,Corporate peaks before external (corporate peak: 2014; external peak: 2025; gap: -11),0.0,0.0,1.0,1.0,0.0,no_prior_external_exposure_no_later_corporate_growth
individual::0133,T5,"Climate risk, adaptation and resilience",Operational Hazards and Liability Management,academic,Macroprudential Liquidity Volatility and Fintech,Macroprudential Liquidity Volatility and Fintech,academic_T5_PG10,2397,330,,,2000,2001,-1.0,2014,2001,13.0,External peaks before corporate (corporate peak: 2014; external peak: 2001; gap: 13),0.0,0.0,1.0,1.0,0.0,no_prior_external_exposure_no_later_corporate_growth
individual::0134,T5,"Climate risk, adaptation and resilience",Operational Hazards and Liability Management,academic,Pollution and Climate Health Nexus,Pollution and Climate Health Nexus,academic_T5_PG07,2397,661,,,2000,2001,-1.0,2014,2007,7.0,External peaks before corporate (corporate peak: 2014; external peak: 2007; gap: 7),0.0,0.0,1.0,1.0,0.0,no_prior_external_exposure_no_later_corporate_growth
individual::0135,T6,"Ecosystems, pollution, and environmental stewardship",Environmental Liability and Regulatory Compliance Burden,academic,Air Pollution Monitoring and Mitigation Technologies,Air Pollution Monitoring and Mitigation Technologies,academic_T6_S045,4037,188,-0.1530882772438844,0.4552886131287279,2000,2001,-1.0,2016,2005,11.0,External peaks before corporate (corporate peak: 2016; external peak: 2005; gap: 11),0.0,0.0,1.0,1.0,0.0,no_prior_external_exposure_no_later_corporate_growth
individual::0136,T6,"Ecosystems, pollution, and environmental stewardship",Environmental Liability and Regulatory Compliance Burden,academic,Biodiversity Reporting and Corporate Accountability Evolution,Biodiversity Reporting and Corporate Accountability Evolution,academic_T6_S099,4037,58,-0.0453507388384493,0.825883385192311,2000,2005,-5.0,2016,2011,5.0,External peaks before corporate (corporate peak: 2016; external peak: 2011; gap: 5),0.0,0.0,1.0,1.0,0.0,no_prior_external_exposure_no_later_corporate_growth
individual::0137,T6,"Ecosystems, pollution, and environmental stewardship",Environmental Liability and Regulatory Compliance Burden,academic,Coastal Eco-Pollution Dynamics in China,Coastal Eco-Pollution Dynamics in China,academic_T6_S107,4037,55,-0.1160884955508505,0.5722503061991296,2000,2013,-13.0,2016,2020,-4.0,Corporate peaks before external (corporate peak: 2016; external peak: 2020; gap: -4),0.0,0.0,1.0,1.0,0.0,no_prior_external_exposure_no_later_corporate_growth
individual::0138,T6,"Ecosystems, pollution, and environmental stewardship",Environmental Liability and Regulatory Compliance Burden,academic,Evolution of Compliance and Governance Mechanisms in Corporate Sustainability,Evolution of Compliance and Governance Mechanisms in Corporate Sustainability,academic_T6_PG10,4037,492,0.1923633053337755,0.3464704440070583,2000,2000,0.0,2016,2007,9.0,External peaks before corporate (corporate peak: 2016; external peak: 2007; gap: 9),0.0,0.0,1.0,1.0,0.0,no_prior_external_exposure_no_later_corporate_growth
individual::0139,T6,"Ecosystems, pollution, and environmental stewardship",Environmental Liability and Regulatory Compliance Burden,academic,Evolution of Environmental Legislation Focus: From General Planning to Ukrainian Governance,Evolution of Environmental Legislation Focus: From General Planning to Ukrainian Governance,academic_T6_S031,4037,239,-0.2157910490368277,0.2897157496397819,2000,2013,-13.0,2016,2023,-7.0,Corporate peaks before external (corporate peak: 2016; external peak: 2023; gap: -7),0.0,0.0,1.0,1.0,0.0,no_prior_external_exposure_no_later_corporate_growth
individual::0140,T6,"Ecosystems, pollution, and environmental stewardship",Environmental Liability and Regulatory Compliance Burden,academic,Juridical Frameworks and Judicial Enforcement in Environmental Law,Juridical Frameworks and Judicial Enforcement in Environmental Law,academic_T6_S022,4037,308,-0.1300939881354405,0.5264539933373059,2000,2000,0.0,2016,2024,-8.0,Corporate peaks before external (corporate peak: 2016; external peak: 2024; gap: -8),0.0,0.0,1.0,1.0,0.0,no_prior_external_exposure_no_later_corporate_growth
individual::0141,T6,"Ecosystems, pollution, and environmental stewardship",Environmental Liability and Regulatory Compliance Burden,academic,Maritime Environmental Compliance and Port Sustainability,Maritime Environmental Compliance and Port Sustainability,academic_T6_S021,4037,315,-0.2206701787996316,0.2786811822326389,2000,2000,0.0,2016,2023,-7.0,Corporate peaks before external (corporate peak: 2016; external peak: 2023; gap: -7),0.0,0.0,1.0,1.0,0.0,no_prior_external_exposure_no_later_corporate_growth
individual::0142,T6,"Ecosystems, pollution, and environmental stewardship",Environmental Liability and Regulatory Compliance Burden,academic,Soil Contaminant Management via Phytoremediation and Geochemical Assessment,Soil Contaminant Management via Phytoremediation and Geochemical Assessment,academic_T6_PG09,4037,1219,0.0422431214979797,0.8376533335623868,2000,2000,0.0,2016,2005,11.0,External peaks before corporate (corporate peak: 2016; external peak: 2005; gap: 11),0.0,0.0,1.0,1.0,0.0,no_prior_external_exposure_no_later_corporate_growth
individual::0143,T6,"Ecosystems, pollution, and environmental stewardship",Environmental Liability and Regulatory Compliance Burden,academic,Tailings Reclamation and Governance in Indonesian Mining Contexts,Tailings Reclamation and Governance in Indonesian Mining Contexts,academic_T6_PG19,4037,474,0.021994352515477,0.9150693648982592,2000,2000,0.0,2016,2003,13.0,External peaks before corporate (corporate peak: 2016; external peak: 2003; gap: 13),0.0,0.0,1.0,1.0,0.0,no_prior_external_exposure_no_later_corporate_growth
individual::0144,T6,"Ecosystems, pollution, and environmental stewardship",Regulatory Impact of Endangered Species Habitat Protection,academic,Biodiversity Crisis and Anthropocene Governance,Biodiversity Crisis and Anthropocene Governance,academic_T6_PG03,227,3095,0.4498791722563114,0.0211116645216838,2006,2000,6.0,2025,2000,25.0,External peaks before corporate (corporate peak: 2025; external peak: 2000; gap: 25),0.2940879271212262,0.0980293090404087,0.0285714285714285,0.0319148936170212,0.0033434650455926,external_prior_exposure_with_later_corporate_growth
individual::0145,T6,"Ecosystems, pollution, and environmental stewardship",Regulatory Impact of Endangered Species Habitat Protection,academic,Eutrophication and Catchment Ecosystem Dynamics,Eutrophication and Catchment Ecosystem Dynamics,academic_T6_PG05,227,946,-0.7405121237521701,1.522070727155675e-05,2006,2000,6.0,2025,2003,22.0,External peaks before corporate (corporate peak: 2025; external peak: 2003; gap: 22),0.2667583869663899,0.0889194623221299,0.0285714285714285,0.0319148936170212,0.0033434650455926,external_prior_exposure_with_later_corporate_growth
individual::0146,T6,"Ecosystems, pollution, and environmental stewardship",Regulatory Impact of Endangered Species Habitat Protection,academic,Petroleum Pollution and Environmental Degradation in Nigeria,Petroleum Pollution and Environmental Degradation in Nigeria,academic_T6_S106,227,53,0.5243242512941844,0.0059661649374326,2006,2010,-4.0,2025,2011,14.0,External peaks before corporate (corporate peak: 2025; external peak: 2011; gap: 14),0.0,0.0,0.0285714285714285,0.0319148936170212,0.0033434650455926,corporate_growth_without_prior_external_exposure
individual::0147,T6,"Ecosystems, pollution, and environmental stewardship",Regulatory Impact of Endangered Species Habitat Protection,media,"Biodiversity, Sustainability, and Deforestation","Biodiversity, Sustainability, and Deforestation",media_T6_S000,227,1322,-0.6132527248723267,0.0008644739796908,2006,2000,6.0,2025,2025,0.0,Synchronous peak (corporate peak: 2025; external peak: 2025; gap: 0),2.695755693581781,0.8985852311939269,0.0285714285714285,0.0319148936170212,0.0033434650455926,external_prior_exposure_with_later_corporate_growth
